Pharmacy-Name,Phone,Credential,Location,Address,City,State,Zip,CredentialId
WOODBURY DRUG,(203) 263-2282,PCY.0001712,"682 MAIN ST S
CT 06798-3736
(41.527087, -73.203523)",682 MAIN ST S UNIT E 1,WOODBURY,CT,06798-3736,204631
WHALLEY DRUG,(203) 843-5022,PCY.0002327,"399 WHALLEY AVE
CT 06511-3008
(41.318105, -72.946527)",399 WHALLEY AVE,NEW HAVEN,CT,06511-3008,1323070
WESTOWN PHARMACY,(860) 649-9946,PCY.0000819,"455 HARTFORD RD
CT 06040
(41.764502, -72.541476)",455 HARTFORD RD,MANCHESTER,CT,06040,37567
WEST HAVEN PHARMACY,(203) 9347100,PCY.0002294,"764 CAMPBELL AVE
CT 06516-3786
(41.279459, -72.955114)",764 CAMPBELL AVE,WEST HAVEN,CT,06516-3786,1219165
WATERBURY PHARMACY,(203) 757-2000,PCY.0002139,"197 E MAIN ST
CT 06702-2323
(41.554824, -73.037263)",197 E MAIN ST,WATERBURY,CT,06702-2323,530959
WAL-MART STORE #5095,(860) 953-0725,PCY.0001938,"495 FLATBUSH AVE
CT 06106-3601
(41.742599, -72.711909)",495 FLATBUSH AVE,HARTFORD,CT,06106-3601,390332
WAL-MART STORE #3803,(203) 931-2221,PCY.0002080,"515 SAW MILL RD
CT 06516-4000
(41.26951, -72.976004)",515 SAW MILL RD,WEST HAVEN,CT,06516-4000,460144
WAL-MART STORE #3547,(203) 854-8519,PCY.0001833,"680 CONNECTICUT AVE
CT 06854-1616
(41.094874, -73.449392)",680 CONNECTICUT AVE,NORWALK,CT,06854-1616,334629
WAL-MART STORE #3546,(860) 350-4823,PCY.0001819,"164 DANBURY RD
CT 06776-4332
(41.55015, -73.418189)",164 DANBURY RD,NEW MILFORD,CT,06776-4332,319300
WAL-MART STORE #3545,(203) 230-2841,PCY.0001809,"2300 DIXWELL AVE
CT 06514-2108
(41.371914, -72.917506)",2300 DIXWELL AVE,HAMDEN,CT,06514-2108,309818
WAL-MART STORE #3543,(203) 791-1929,PCY.0001820,"67 NEWTOWN RD
CT 06810-6272
(41.406755, -73.417427)",67 NEWTOWN RD,DANBURY,CT,06810-6272,319305
WAL-MART STORE #2897,(860) 621-9830,PCY.0001746,"235 QUEEN ST
CT 06489-1915
(41.623058, -72.873124)",235 QUEEN ST,SOUTHINGTON,CT,06489-1915,232557
WAL-MART STORE #2585,(203) 502-7631,PCY.0001802,"150 BARNUM AVE
CUTOFF, CT 06614",150 BARNUM AVE CUTOFF,STRATFORD,CT,06614,304168
WAL-MART PHARMACY #10-5777,(860) 412-5144,PCY.0002274,"450 PROVIDENCE RD
CT 06234-1823
(41.797104, -71.912123)",450 PROVIDENCE RD,BROOKLYN,CT,06234-1823,1170931
WAL-MART PHARMACY #10-5439,(203) 467-7637,PCY.0001873,"315 FOXON BLVD
CT 06513-2355
(41.321657, -72.87616)",315 FOXON BLVD,NEW HAVEN,CT,06513-2355,368470
WAL-MART PHARMACY #10-5294,(203) 301-0559,PCY.0002091,"1365 BOSTON POST RD
CT 06460-2755
(41.240267, -73.033791)",1365 BOSTON POST RD,MILFORD,CT,06460-2755,472003
WAL-MART PHARMACY #10-3548,(203) 759-1637,PCY.0001813,"910 WOLCOTT ST
CT 06705-1317
(41.565161, -73.008762)",910 WOLCOTT ST,WATERBURY,CT,06705-1317,317348
WAL-MART PHARMACY #10-2965,(860) 667-0152,PCY.0001786,"3164 BERLIN TPKE
CT 06111-4627
(41.663091, -72.721341)",3164 BERLIN TPKE,NEWINGTON,CT,06111-4627,284623
WAL-MART PHARMACY #10-2954,(203) 979-8394,PCY.0001756,"650 MAIN AVE
CT 06851-1126
(41.159231, -73.419538)",650 MAIN AVE,NORWALK,CT,06851-1126,242635
WAL-MART PHARMACY  #10-2900,(860) 563-4322,PCY.0001749,"80 TOWN LINE RD
CT 06067-1249
(41.650093, -72.878086)",80 TOWN LINE RD,ROCKY HILL,CT,06067-1249,245434
WAL-MART PHARMACY #10-2899,860-409-0406,PCY.0001764,"255 W MAIN ST
CT 06001-4352
(41.669419, -72.885326)",255 W MAIN ST,AVON,CT,06001-4352,244347
WAL-MART PHARMACY #10-2898,8603880560,PCY.0001784,"665 BOSTON POST ROAD
CT 06475
(41.295194, -72.379608)",665 BOSTON POST ROAD,OLD SAYBROOK,CT,06475,281802
WAL-MART PHARMACY #10-2854,(860) 376-0132,PCY.0001783,"180 RIVER RD
CT 06351-3249
(41.584562, -71.994576)",180 RIVER RD,LISBON,CT,06351-3249,281574
WAL-MART PHARMACY #10-2719,(860) 585-1103,PCY.0001765,"1400 FARMINGTON AVE
CT 06010-4701
(41.698858, -72.896917)",1400 FARMINGTON AVE,BRISTOL,CT,06010-4701,244351
WAL-MART PHARMACY #10-2371,(203) 269-6633,PCY.0001569,"844 N COLONY RD
CT 06492-2410
(41.477584, -72.812166)",844 N COLONY RD,WALLINGFORD,CT,06492-2410,139983
WAL-MART PHARMACY #10-2331,(860) 447-3747,PCY.0001581,"155 WATERFORD PARKWAY NORTH
CT 06385
(41.368601, -72.156174)",155 WATERFORD PARKWAY NORTH,WATERFORD,CT,06385,168757
WAL-MART PHARMACY #10-2299,(860) 635-1507,PCY.0001635,"161 BERLIN RD
CT 06416-1021
(41.607262, -72.712776)",161 BERLIN RD,CROMWELL,CT,06416-1021,182094
WAL-MART PHARMACY #10-2284,203-729-2288,PCY.0001640,"1100 NEW HAVEN RD
CT 06770-5016
(41.469293, -73.028961)",1100 NEW HAVEN RD,NAUGATUCK,CT,06770-5016,184945
WAL-MART PHARMACY #10-2232,2034883914,PCY.0001633,"120 COMMERCIAL PARKWAY
CT 06405
(41.280481, -72.831521)",120 COMMERCIAL PARKWAY,BRANFORD,CT,06405,180340
WAL-MART PHARMACY #10-2170,(860) 889-7530,PCY.0001519,"220 SALEM TPKE
CT 06360-6455
(41.507432, -72.122696)",220 SALEM TPKE,NORWICH,CT,06360-6455,65233
WAL-MART PHARMACY #10-2163,(203) 929-1144,PCY.0001582,"465 BRIDGEPORT AVE
CT 06484-4751
(41.290272, -73.111998)",465 BRIDGEPORT AVE,SHELTON,CT,06484-4751,168761
WAL-MART PHARMACY #10-2144,(860) 496-9193,PCY.0001588,"970 TORRINGFORD ST
CT 06790-3542
(41.819197, -73.081438)",970 TORRINGFORD ST,TORRINGTON,CT,06790-3542,174489
WAL-MART PHARMACY #10-2022,(860) 456-2126,PCY.0001498,"474 BOSTON POST ROAD
CT 06256
(41.745257, -72.169048)",474 BOSTON POST ROAD,NORTH WINDHAM,CT,06256,39110
WAL-MART PHARMACY #10-1980,(860) 928-4199,PCY.0001553,"625 SCHOOL ST
CT 06260-2424
(41.924541, -71.889099)",625 SCHOOL ST,PUTNAM,CT,06260-2424,74162
WAL-MART PHARMACY #10-1891,8606445105,PCY.0001455,"420 BUCKLAND HILLS RD
CT 06040
(41.807898, -72.53825)",420 BUCKLAND HILLS RD,MANCHESTER,CT,06040,38904
WAL-MART #2282,(860) 292-1235,PCY.0001632,"44 PROSPECT HILL RD
CT 06088-9501
(41.918706, -72.609751)",44 PROSPECT HILL RD,EAST WINDSOR,CT,06088-9501,180338
WAL-MART  #10-2200,(860) 449-6902,PCY.0001518,"150 GOLD STAR HWY
CT 06340-3442
(41.368752, -72.063105)",150 GOLD STAR HWY,GROTON,CT,06340-3442,65235
WALGREENS #19893,(860) 296-3478,PCY.0001854,"315 FRANKLIN AVE
CT 06114-1851
(41.741668, -72.676075)",315 FRANKLIN AVE,HARTFORD,CT,06114-1851,358510
WALGREENS #19888,(860) 848-7979,PCY.0001257,"601 ROUTE
STE F, CT 06382-2104",601 ROUTE 32 STE F,UNCASVILLE,CT,06382-2104,38434
WALGREENS #19842,(860) 666-4079,PCY.0001818,"40 CEDAR ST
CT 06111-2613
(41.697882, -72.725365)",40 CEDAR ST,NEWINGTON,CT,06111-2613,319294
WALGREENS #19836,(860) 546-6766,PCY.0001341,"200 WESTMINSTER RD
CT 06331-1450
(41.697453, -71.997829)",200 WESTMINSTER RD,CANTERBURY,CT,06331-1450,246645
WALGREENS #19532,(860) 342-2121,PCY.0001648,"227 MAIN ST
CT 06480-1858
(41.573414, -72.640333)",227 MAIN ST,PORTLAND,CT,06480-1858,186771
WALGREENS #19414,(860) 434-8111,PCY.0000342,"90 HALLS RD
CT 06371-4406
(41.323831, -72.33595)",90 HALLS RD,OLD LYME,CT,06371-4406,37125
WALGREENS #19244,(860) 376-1206,PCY.0001727,"27 MAIN ST
CT 06351-2203
(41.605135, -71.98342)",27 MAIN ST,JEWETT CITY,CT,06351-2203,221601
WALGREENS #18969,(860) 560-1881,PCY.0001437,"1291 ALBANY AVE
CT 06112-2198
(41.782319, -72.69659)",1291 ALBANY AVE,HARTFORD,CT,06112-2198,247605
WALGREENS #18243,(860) 224-7798,PCY.0001731,"1350 STANLEY ST
CT 06053-3224
(41.683953, -72.76754)",1350 STANLEY ST,NEW BRITAIN,CT,06053-3224,223000
WALGREENS #17929,(860) 564-5871,PCY.0001657,"20 PROSPECT ST
CT 06354-1425
(41.712921, -71.882092)",20 PROSPECT ST,MOOSUP,CT,06354-1425,191845
WALGREENS #17893,(860) 739-9007,PCY.0001416,"340 FLANDERS RD
CT 06333-1710
(41.3658, -72.209543)",340 FLANDERS RD,EAST LYME,CT,06333-1710,38881
WALGREENS #17767,(860) 767-2181,PCY.0001298,"125 WESTBROOK RD
CT 06426-1521
(41.339973, -72.414903)",125 WESTBROOK RD,ESSEX,CT,06426-1521,38452
WALGREENS #17726,(860) 559-4030,PCY.0001502,"37 S BROAD ST
CT 06379-7909
(41.374834, -71.846723)",37 S BROAD ST,PAWCATUCK,CT,06379-7909,243980
WALGREENS #17537,(860) 528-6115,PCY.0001163,"329 ELLINGTON RD
CT 06108-1141
(41.79667, -72.620379)",329 ELLINGTON RD,EAST HARTFORD,CT,06108-1141,249882
WALGREENS #17500,(860) 963-7230,PCY.0001107,"203 KENNEDY DR
CT 06260-1628
(41.918985, -71.908505)",203 KENNEDY DR,PUTNAM,CT,06260-1628,38006
WALGREENS #17224,(860) 267-0732,PCY.0001201,"25 E HIGH ST
CT 06424-1087
(41.583746, -72.502511)",25 E HIGH ST STE 8,EAST HAMPTON,CT,06424-1087,38223
WALGREENS #17216,(860) 537-9034,PCY.0001453,"27 BROADWAY ST
CT 06415-1001
(41.576574, -72.333181)",27 BROADWAY ST,COLCHESTER,CT,06415-1001,38902
WALGREENS # 16549,,PCY.0002346,"ONE HOSPITAL PLAZA
CT 06902",ONE HOSPITAL PLAZA SUITE G 122,STAMFORD,CT,06902,1391632
WALGREENS #16080,(203) 336-3551,PCY.0001108,"414 KINGS HWY E
CT 06825-4846
(41.172435, -73.229209)",414 KINGS HWY E,FAIRFIELD,CT,06825-4846,38007
WALGREENS #15590,(203) 792-2044,PCY.0001255,"95 LOCUST AVE
CT 06810-6148
(41.404723, -73.446913)",95 LOCUST AVE STE 100,DANBURY,CT,06810-6148,38433
WALGREENS #15389,(860) 673-3219,PCY.0002245,"5 MILL ST
CT 06085-1019
(41.756672, -72.887014)",5 MILL ST,UNIONVILLE,CT,06085-1019,1081997
WALGREENS #15207,(860) 523-5849,PCY.0001451,"668 FARMINGTON AVE
CT 06119-1810
(41.765558, -72.7168)",668 FARMINGTON AVE,WEST HARTFORD,CT,06119-1810,246442
WALGREENS #13969,(203) 777-7809,PCY.0002192,"55 PARK ST
CT 06511-5474
(41.306688, -72.935185)",55 PARK ST STE 1A,NEW HAVEN,CT,06511-5474,953048
WALGREENS #13947,(203) 777-7880,PCY.0002200,"1415 CHAPEL ST
CT 06511-4421
(41.310882, -72.942477)",1415 CHAPEL ST,NEW HAVEN,CT,06511-4421,981006
WALGREENS #13945,(203) 777-7863,PCY.0002203,"800 HOWARD AVE
CT 06519-1369
(41.302786, -72.93611)",800 HOWARD AVE STE 197,NEW HAVEN,CT,06519-1369,981024
WALGREENS #12338,(860) 704-0135,PCY.0002173,"311 E MAIN ST
CT 06457-4556
(41.548439, -72.639426)",311 E MAIN ST,MIDDLETOWN,CT,06457-4556,924322
WALGREENS #12315,(203) 270-4658,PCY.0002209,"49 S MAIN ST
CT 06470-2141
(41.401473, -73.296936)",49 S MAIN ST,NEWTOWN,CT,06470-2141,987411
WALGREENS #12120,(203) 468-9732,PCY.0002144,"157 MAIN ST
CT 06512-2525
(41.276136, -72.867521)",157 MAIN ST,EAST HAVEN,CT,06512-2525,536229
WALGREENS #12058,(860) 774-0490,PCY.0002150,"1093 N MAIN ST
CT 06241-2124
(41.840903, -71.876621)",1093 N MAIN ST,DAYVILLE,CT,06241-2124,890582
WALGREENS #11919,(860) 742-5389,PCY.0002148,"1630 BOSTON TPKE
CT 06238-1205
(41.798323, -72.37128)",1630 BOSTON TPKE,COVENTRY,CT,06238-1205,894719
WALGREENS #11825,(860) 583-3638,PCY.0001251,"525 FARMINGTON AVE
CT 06010-3931
(41.689947, -72.926047)",525 FARMINGTON AVE,BRISTOL,CT,06010-3931,283354
WALGREENS #11620,(203) 322-7669,PCY.0002159,"1203 HIGH RIDGE RD
CT 06905-1214
(41.110623, -73.546781)",1203 HIGH RIDGE RD,STAMFORD,CT,06905-1214,910823
WALGREENS #11619,(203) 881-9999,PCY.0001402,"144 BANK ST
CT 06483-2721
(41.397543, -73.078608)",144 BANK ST,SEYMOUR,CT,06483-2721,38877
WALGREENS #11604,(860) 693-8329,PCY.0001805,"220 ALBANY TPKE
CT 06019-7068
(41.826975, -72.89881)",220 ALBANY TPKE,CANTON,CT,06019-7068,308663
WALGREENS #11533,(860) 781-7073,PCY.0002157,"1312 MANCHESTER RD
CT 06033-1824
(41.713786, -72.526607)",1312 MANCHESTER RD,GLASTONBURY,CT,06033-1824,910135
WALGREENS #11164,(203) 894-8744,PCY.0002136,"46A DANBURY RD
CT 06877-4019
(41.290613, -73.496708)",46A DANBURY RD,RIDGEFIELD,CT,06877-4019,525744
WALGREENS #10647,(203) 265-6336,PCY.0001376,"284 S COLONY RD
CT 06492-4554
(41.451446, -72.827105)",284 S COLONY RD,WALLINGFORD,CT,06492-4554,38676
WALGREENS #10483,(860) 440-3566,PCY.0001728,"698 BANK ST
CT 06320-5040
(41.349444, -72.104482)",698 BANK ST,NEW LONDON,CT,06320-5040,222256
WALGREENS #10310,(203) 353-9117,PCY.0002120,"780 E MAIN ST
CT 06902-3832
(41.055272, -73.529015)",780 E MAIN ST,STAMFORD,CT,06902-3832,509530
WALGREENS #10309,203-488-9059,PCY.0002100,"1036 W MAIN ST
CT 06405-3428
(41.275176, -72.832044)",1036 W MAIN ST,BRANFORD,CT,06405-3428,483286
WALGREENS #10261,(860) 526-8052,PCY.0002113,"180 MAIN ST
CT 06417-2039
(41.384736, -72.435415)",180 MAIN ST,DEEP RIVER,CT,06417-2039,499988
WALGREENS #10244,(860) 399-6899,PCY.0002107,"1211 BOSTON POST RD
CT 06498-1949
(41.285489, -72.447934)",1211 BOSTON POST RD,WESTBROOK,CT,06498-1949,491498
WALGREENS #10203,(860) 585-7426,PCY.0002089,"25 MAIN ST
CT 06010-6528
(41.668631, -72.943206)",25 MAIN ST,BRISTOL,CT,06010-6528,467093
WALGREENS #10177,(203) 299-1215,PCY.0002125,"54 WEST AVE
CT 06854-2225
(41.103787, -73.419825)",54 WEST AVE,NORWALK,CT,06854-2225,515615
WALGREENS #10144,(860) 482-8837,PCY.0002088,"1745 E MAIN ST
CT 06790-3520
(41.820999, -73.082221)",1745 E MAIN ST,TORRINGTON,CT,06790-3520,467090
WALGREENS #10119,(860) 828-6844,PCY.0001827,"980 FARMINGTON AVE
CT 06037-2219
(41.632161, -72.76199)",980 FARMINGTON AVE,BERLIN,CT,06037-2219,327763
WALGREENS #10058,(203) 845-8767,PCY.0002114,"235 MAIN ST
CT 06851-2720
(41.130894, -73.423445)",235 MAIN ST,NORWALK,CT,06851-2720,501179
WALGREENS #10003,(203) 634-3241,PCY.0002033,"134 STATE ST
CT 06450-3293
(41.540708, -72.798732)",134 STATE ST,MERIDEN,CT,06450-3293,427224
WALGREENS #09821,(203) 801-0121,PCY.0000956,"36 PINE ST
CT 06840-5430
(41.144914, -73.496781)",36 PINE ST,NEW CANAAN,CT,06840-5430,504522
WALGREENS #09820,(203) 238-0910,PCY.0002106,"825 E MAIN ST
CT 06450-6064
(41.528697, -72.776175)",825 E MAIN ST,MERIDEN,CT,06450-6064,491226
WALGREENS #09818,(860) 613-2324,PCY.0002101,"4 HAMMERHEAD PL
CT 06416-1805
(41.601972, -72.681227)",4 HAMMERHEAD PL,CROMWELL,CT,06416-1805,483629
WALGREENS #09785,(203) 777-8001,PCY.0001349,"436 WHALLEY AVE
CT 06511-3012
(41.31855, -72.947771)",436 WHALLEY AVE,NEW HAVEN,CT,06511-3012,38656
WALGREENS #09784,(860) 289-4944,PCY.0001465,"20 CONNECTICUT BLVD
CT 06108-3007
(41.769426, -72.64476)",20 CONNECTICUT BLVD,EAST HARTFORD,CT,06108-3007,284403
WALGREENS #09746,(860) 292-1751,PCY.0002127,"1 ELM ST
CT 06096-2334
(41.925058, -72.628301)",1 ELM ST,WINDSOR LOCKS,CT,06096-2334,517176
WALGREENS #09612,(203) 225-0296,PCY.0002060,"700 BRIDGEPORT AVE
CT 06484-4734
(41.276547, -73.122473)",700 BRIDGEPORT AVE,SHELTON,CT,06484-4734,438884
WALGREENS #09521,(203) 696-0127,PCY.0002059,"1000 PARK AVE
CT 06604-3406
(41.17502, -73.198574)",1000 PARK AVE,BRIDGEPORT,CT,06604-3406,438882
WALGREENS #09432,(860) 253-0463,PCY.0002076,"2 SHAKER RD
CT 06082-3112
(42.001586, -72.56495)",2 SHAKER RD,ENFIELD,CT,06082-3112,450313
WALGREENS #09101,(203) 288-5217,PCY.0002061,"2505 WHITNEY AVE
CT 06518-3019
(41.38805, -72.900186)",2505 WHITNEY AVE,HAMDEN,CT,06518-3019,438886
WALGREENS #09071,(203) 239-4428,PCY.0001396,"49 WASHINGTON AVE
CT 06473-1704
(41.391222, -72.859454)",49 WASHINGTON AVE,NORTH HAVEN,CT,06473-1704,38872
WALGREENS #07935,(203) 795-6001,PCY.0001073,"54 BOSTON POST RD
CT 06477-3201
(41.278531, -72.987199)",54 BOSTON POST RD,ORANGE,CT,06477-3201,246825
WALGREENS #07814,(860) 664-4691,PCY.0001891,"218 E MAIN ST
CT 06413-2230
(41.272771, -72.507021)",218 E MAIN ST,CLINTON,CT,06413-2230,377850
WALGREENS #07759,(860) 405-1919,PCY.0001900,"441 LONG HILL RD
CT 06340-4149
(41.3548, -72.060484)",441 LONG HILL RD,GROTON,CT,06340-4149,382793
WALGREENS #07750,(860) 231-7665,PCY.0002011,"940 QUAKER LN S
CT 06110-1458
(41.733232, -72.731177)",940 QUAKER LN S,WEST HARTFORD,CT,06110-1458,414142
WALGREENS #07641,(860) 621-3729,PCY.0001901,"359 MAIN ST
CT 06489-4538
(41.593975, -72.88042)",359 MAIN ST,SOUTHINGTON,CT,06489-4538,382800
WALGREENS #07602,(203) 268-1216,PCY.0001874,"275 MONROE TPKE
CT 06468-2246
(41.303554, -73.223171)",275 MONROE TPKE,MONROE,CT,06468-2246,369191
WALGREENS #07585,(860) 826-7272,PCY.0001427,"102 WASHINGTON ST
CT 06051-1826
(41.670479, -72.784005)",102 WASHINGTON ST,NEW BRITAIN,CT,06051-1826,38887
WALGREENS #07584,(203) 932-9311,PCY.0001313,"394 CAMPBELL AVE
CT 06516-5012
(41.269068, -72.948726)",394 CAMPBELL AVE,WEST HAVEN,CT,06516-5012,38463
WALGREENS #07566,(860) 569-4120,PCY.0001352,"922 SILVER LN
CT 06118-1248
(41.765282, -72.603423)",922 SILVER LN,EAST HARTFORD,CT,06118-1248,364682
WALGREENS #07522,(203) 374-2819,PCY.0001855,"4083 MAIN ST
CT 06606-2302
(41.216427, -73.213467)",4083 MAIN ST,BRIDGEPORT,CT,06606-2302,358276
WALGREENS #07333,(860) 423-6304,PCY.0000960,"1475 MAIN ST
CT 06226-1914
(41.717423, -72.233741)",1475 MAIN ST,WILLIMANTIC,CT,06226-1914,246044
WALGREENS #07258,(203) 267-6718,PCY.0001922,"370 MAIN ST S
CT 06488-4200
(41.471879, -73.222787)",370 MAIN ST S,SOUTHBURY,CT,06488-4200,387327
WALGREENS #07145,(203) 226-8452,PCY.0001844,"880 POST RD E
CT 06880-5223
(41.138092, -73.334853)",880 POST RD E,WESTPORT,CT,06880-5223,349943
WALGREENS #07086,(860) 793-9356,PCY.0001811,"5 FARMINGTON AVE
CT 06062-1726
(41.674928, -72.858142)",5 FARMINGTON AVE,PLAINVILLE,CT,06062-1726,314837
WALGREENS #07047,(860) 667-0461,PCY.0002012,"2920 BERLIN TPKE
CT 06111-4116
(41.669193, -72.718035)",2920 BERLIN TPKE,NEWINGTON,CT,06111-4116,414149
WALGREENS #06992,(860) 871-6068,PCY.0001856,"529 TALCOTTVILLE RD
CT 06066-2311
(41.850999, -72.483792)",529 TALCOTTVILLE RD,VERNON ROCKVILLE,CT,06066-2311,358444
WALGREENS #06968,(203) 798-7753,PCY.0001238,"101 FEDERAL RD
CT 06811-4019
(41.429371, -73.416516)",101 FEDERAL RD,DANBURY,CT,06811-4019,38242
WALGREENS #06966,(203) 757-1998,PCY.0001812,"11 MERIDEN RD
CT 06705-1933
(41.547122, -73.017334)",11 MERIDEN RD,WATERBURY,CT,06705-1933,314839
WALGREENS #06914,(203) 469-3016,PCY.0001943,"87 FOXON ST
CT 06513-2365
(41.319802, -72.871459)",87 FOXON ST,NEW HAVEN,CT,06513-2365,391067
WALGREENS #06757,(203) 637-1496,PCY.0001838,"1333 E PUTNAM AVE
CT 06878-1529
(41.04323, -73.574359)",1333 E PUTNAM AVE,RIVERSIDE,CT,06878-1529,341003
WALGREENS  #06654,(860) 644-1210,PCY.0001816,"149 DEMING ST
CT 06042-1731
(41.813242, -72.525294)",149 DEMING ST,MANCHESTER,CT,06042-1731,320701
WALGREENS #06503,(203) 876-7643,PCY.0001810,"541 BRIDGEPORT AVE
CT 06460-4203
(41.206888, -73.088806)",541 BRIDGEPORT AVE,MILFORD,CT,06460-4203,316867
WALGREENS #06474,(203) 752-9893,PCY.0001778,"88 YORK ST
CT 06511-5619
(41.306019, -72.933447)",88 YORK ST,NEW HAVEN,CT,06511-5619,279100
WALGREENS #06308,(203) 845-0457,PCY.0001767,"55 WESTPORT AVE
CT 06851-3931
(41.121989, -73.404265)",55 WESTPORT AVE,NORWALK,CT,06851-3931,258118
WALGREENS #05949,(860) 482-5621,PCY.0001782,"28 E ELM ST
CT 06790-5016
(41.811873, -73.120764)",28 E ELM ST,TORRINGTON,CT,06790-5016,283208
WALGREENS #05948,(203) 639-8166,PCY.0001769,"425 W MAIN ST
CT 06451-3816
(41.539972, -72.817677)",425 W MAIN ST,MERIDEN,CT,06451-3816,258891
WALGREENS #05723,(203) 334-6978,PCY.0001418,"960 NORTH AVE
CT 06606-5750
(41.191272, -73.197473)",960 NORTH AVE,BRIDGEPORT,CT,06606-5750,38883
WALGREENS  #05407,(860) 649-8899,PCY.0001247,"295 MAIN ST
CT 06040-4128
(41.782905, -72.523)",295 MAIN ST,MANCHESTER,CT,06040-4128,38245
WALGREENS #05406,(203) 230-2803,PCY.0001768,"1191 DIXWELL AVE
CT 06514-4733
(41.345324, -72.934147)",1191 DIXWELL AVE,HAMDEN,CT,06514-4733,258886
WALGREENS #05134,(860) 658-0479,PCY.0001029,"540 BUSHY HILL RD
CT 06070-2925
(41.81833, -72.866681)",540 BUSHY HILL RD,SIMSBURY,CT,06070-2925,37986
WALGREENS #04490,(860) 721-7224,PCY.0000951,"1100 SILAS DEANE HWY
CT 06109-4232
(41.691923, -72.656144)",1100 SILAS DEANE HWY,WETHERSFIELD,CT,06109-4232,37780
WALGREENS #03944,(203) 481-0386,PCY.0000997,"329 E MAIN ST
CT 06405-3106
(41.292868, -72.785292)",329 E MAIN ST,BRANFORD,CT,06405-3106,37798
WALGREENS #03827,(860) 522-5005,PCY.0000958,"161 WASHINGTON ST
CT 06106-2464
(41.757799, -72.682328)",161 WASHINGTON ST,HARTFORD,CT,06106-2464,359708
WALGREENS #03579,(203) 389-2143,PCY.0000131,"1471 WHALLEY AVE
CT 06515-1153
(41.334125, -72.976393)",1471 WHALLEY AVE,NEW HAVEN,CT,06515-1153,36904
WALGREENS #03523,(203) 791-0405,PCY.0001577,"75 MAIN ST
CT 06810-7802
(41.390774, -73.448122)",75 MAIN ST,DANBURY,CT,06810-7802,165889
WALGREENS #03359,(203) 377-2851,PCY.0001539,"1606 BARNUM AVE
CT 06614-5301
(41.19494, -73.141788)",1606 BARNUM AVE,STRATFORD,CT,06614-5301,228049
WALGREENS #03192,(203) 757-6010,PCY.0001521,"649 W MAIN ST
CT 06702-1082
(41.558281, -73.05128)",649 W MAIN ST,WATERBURY,CT,06702-1082,39125
WALGREENS #02976,(860) 885-0389,PCY.0001471,"399 W MAIN ST
CT 06360-5414
(41.520782, -72.092373)",399 W MAIN ST,NORWICH,CT,06360-5414,39099
WALGREENS #02858,(860) 346-7372,PCY.0001511,"633 WASHINGTON ST
CT 06457-2542
(41.555009, -72.672766)",633 WASHINGTON ST,MIDDLETOWN,CT,06457-2542,39120
WALGREENS #02410,(203) 230-0610,PCY.0001395,"1697 WHITNEY AVE
CT 06517-1928
(41.360647, -72.909431)",1697 WHITNEY AVE,HAMDEN,CT,06517-1928,241512
WALGREENS #02228,(860) 633-4186,PCY.0002112,"2900 MAIN ST
CT 06033-1027
(41.722464, -72.614772)",2900 MAIN ST,GLASTONBURY,CT,06033-1027,499977
WALGREENS #01977,(860) 896-1485,PCY.0002013,"188 UNION ST
CT 06066-2429
(41.868477, -72.464998)",188 UNION ST,VERNON,CT,06066-2429,414164
WALGREENS #01873,(203) 655-8904,PCY.0000973,"138 HEIGHTS RD
CT 06820-4119
(41.069088, -73.493943)",138 HEIGHTS RD,DARIEN,CT,06820-4119,246051
WALGREENS #01826,(860) 236-1988,PCY.0001135,"324 N MAIN ST
CT 06117-2675
(41.78371, -72.746751)",324 N MAIN ST,WEST HARTFORD,CT,06117-2675,38019
WALGREENS #01824,(860) 741-3503,PCY.0001267,"30 HAZARD AVE
CT 06082-3713
(41.989731, -72.579224)",30 HAZARD AVE,ENFIELD,CT,06082-3713,38439
WALGREENS #01455,(203) 453-1619,PCY.0001985,"1116 BOSTON POST RD
CT 06437-2624
(41.287615, -72.687132)",1116 BOSTON POST RD,GUILFORD,CT,06437-2624,405763
WALGREENS #01451,(203) 878-7265,PCY.0001950,"1083 BOSTON POST RD
CT 06460-3550
(41.233253, -73.043097)",1083 BOSTON POST RD,MILFORD,CT,06460-3550,392857
VISELS DRUG STORE,(203) 562-6878,PCY.0000089,"714 DIXWELL AVE
CT 06511-1038
(41.332663, -72.935206)",714 DIXWELL AVE,NEW HAVEN,CT,06511-1038,36896
UTLEY & JONES PHARMACY INC,(860) 887-2538,PCY.0000001,"112 LAFAYETTE ST
CT 06360-2737
(41.54127, -72.087845)",112 LAFAYETTE ST,NORWICH,CT,06360-2737,36879
UNITY PHARMACY BRIDGEPORT,(732) 857-1052,PCY.0002354,"679 FAIRFIELD AVE
CT 06604-3906
(41.175057, -73.198151)",679 FAIRFIELD AVE,BRIDGEPORT,CT,06604-3906,1417343
UNITY PHARMACY,(203) 955-1781,PCY.0002282,"1326 POST RD
CT 06824-6012
(41.142235, -73.255675)",1326 POST RD,FAIRFIELD,CT,06824-6012,1188316
UNCAS PHARMACY,(860) 889-8413,PCY.0000514,"20 TOWN STREET
CT 06360
(41.545877, -72.09001)",20 TOWN STREET,NORWICH,CT,06360,245285
TRUMBULL PHARMACY LLC,203-880-9954,PCY.0002336,"10 BROADWAY
BLDG B, CT 06611-1302
(41.277721, -73.227215)",10 BROADWAY BLDG B,TRUMBULL,CT,06611-1302,1357638
TOWNE APOTHECARY LLC,(203) 266-7801,PCY.0001133,"95 MAIN ST S
CT 06751-2004
(41.634565, -73.208822)",95 MAIN ST S,BETHLEHEM,CT,06751-2004,38018
THE WESTON CENTER PHARMACY,(203) 226-7800,PCY.0002098,"190 WESTON RD
CT 06883-2126
(41.202358, -73.381734)",190 WESTON RD,WESTON,CT,06883-2126,478003
SUBURBAN PHARMACY LTC INC,(860) 882-1808,PCY.0002051,"342 N MAIN ST
CT 06117-2500
(41.785187, -72.746917)",342 N MAIN ST STE 70,WEST HARTFORD,CT,06117-2500,435650
ST VINCENTS OUTPATIENT PHARMACY,(203) 576-5713,PCY.0002237,"2800 MAIN ST
CT 06606-4201
(41.200083, -73.202486)",2800 MAIN ST,BRIDGEPORT,CT,06606-4201,1065025
STOP & SHOP SUPERMARKET #635,(203) 732-3907,PCY.0001371,"100 DIVISION ST
CT 06401-2147
(41.331998, -73.08221)",100 DIVISION ST,ANSONIA,CT,06401-2147,38672
STOP & SHOP PHARMACY #727,(860) 963-2642,PCY.0001598,"60 PROVIDENCE TURNPIKE
CT 06260
(41.925031, -71.876096)",60 PROVIDENCE TURNPIKE,PUTNAM,CT,06260,175371
STOP & SHOP PHARMACY #697,(860) 774-5301,PCY.0001555,"1094 KILLINGLY COMMONS DRIVE
CT 06241-2143
(41.842098, -71.88264)",1094 KILLINGLY COMMONS DRIVE,DAYVILLE,CT,06241-2143,340612
STOP & SHOP PHARMACY #696,(203) 931-9478,PCY.0002048,"460 ELM STREET
CT 06516
(41.272872, -72.957388)",460 ELM STREET,WEST HAVEN,CT,06516,433320
STOP & SHOP PHARMACY #694,(203) 234-1757,PCY.0001745,"79 WASHINGTON AVE
CT 06473-1704
(41.39259, -72.858629)",79 WASHINGTON AVE,NORTH HAVEN,CT,06473-1704,227038
STOP & SHOP PHARMACY #693,860-569-7135,PCY.0001505,"940 SILVER LN
CT 06118-1235
(41.765491, -72.602083)",940 SILVER LN,EAST HARTFORD,CT,06118-1235,39116
STOP & SHOP PHARMACY #692,(203) 468-1113,PCY.0001220,"370 HEMINGWAY AVE
CT 06512-3240
(41.277503, -72.867582)",370 HEMINGWAY AVE,EAST HAVEN,CT,06512-3240,38233
STOP & SHOP PHARMACY #689,860-645-8050,PCY.0001452,"286 BROAD ST
CT 06040-4049
(41.779859, -72.534459)",286 BROAD ST,MANCHESTER,CT,06040-4049,38901
STOP & SHOP PHARMACY #687,(203) 481-3392,PCY.0001280,"22 LEETES ISLAND RD
CT 06405-6514
(41.297749, -72.764773)",22 LEETES ISLAND RD,BRANFORD,CT,06405-6514,241635
STOP & SHOP PHARMACY #684,860-620-9060,PCY.0001487,"505 N MAIN ST
CT 06489-2051
(41.614257, -72.873858)",505 N MAIN ST,SOUTHINGTON,CT,06489-2051,39106
STOP & SHOP PHARMACY #683,(860) 355-3763,PCY.0001206,"180 DANBURY RD
CT 06776-4328
(41.550033, -73.418267)",180 DANBURY RD,NEW MILFORD,CT,06776-4328,246250
STOP & SHOP PHARMACY #682,(860) 445-8807,PCY.0001297,"220 ROUTE
CT 06340",220 ROUTE 12,GROTON,CT,06340,38451
STOP & SHOP PHARMACY #679,(203) 597-1498,PCY.0001269,"240 CHASE AVE
CT 06704-2237
(41.58102, -73.033669)",240 CHASE AVE,WATERBURY,CT,06704-2237,38440
STOP & SHOP PHARMACY #675,(203) 755-9538,PCY.0001781,"920 WOLCOTT ST
CT 06705-1300
(41.565747, -73.008362)",920 WOLCOTT ST,WATERBURY,CT,06705-1300,277465
STOP & SHOP PHARMACY #674,8604567240,PCY.0001248,"1391 MAIN ST
CT 06226-1949
(41.716057, -72.230877)",1391 MAIN ST,WILLIMANTIC,CT,06226-1949,38430
STOP & SHOP PHARMACY #670,(203) 372-6538,PCY.0001707,"4531 MAIN ST
CT 06606-1846
(41.222061, -73.21803)",4531 MAIN ST,BRIDGEPORT,CT,06606-1846,214917
STOP & SHOP PHARMACY #665,(860) 739-5957,PCY.0001829,"248 FLANDERS RD
CT 06357-1264
(41.357336, -72.210375)",248 FLANDERS RD,NIANTIC,CT,06357-1264,328383
STOP & SHOP PHARMACY #663,(203) 877-1912,PCY.0001622,"1360 E TOWN RD
CT 06460-3623
(41.236201, -73.031699)",1360 E TOWN RD,MILFORD,CT,06460-3623,45735
STOP & SHOP PHARMACY #662,203-849-8735,PCY.0001574,"380 MAIN AVE
CT 06851-1553
(41.141317, -73.425784)",380 MAIN AVE,NORWALK,CT,06851-1553,167371
STOP & SHOP PHARMACY #659,203-798-0735,PCY.0001249,"72 NEWTOWN RD
CT 06810-6254
(41.40563, -73.419778)",72 NEWTOWN RD,DANBURY,CT,06810-6254,38431
STOP & SHOP PHARMACY #658,2038342204,PCY.0001849,"5 RIVER ROAD
CT 06897
(41.190978, -73.430411)",5 RIVER ROAD,WILTON,CT,06897,351206
STOP & SHOP PHARMACY #657,(860) 274-7461,PCY.0001794,"763 STRAITS TPKE
CT 06795-3318
(41.572009, -73.099253)",763 STRAITS TPKE,WATERTOWN,CT,06795-3318,289907
STOP & SHOP PHARMACY #656,(203) 438-0340,PCY.0001926,"125 DANBURY ROAD; ROUTE
CT 06877
(41.294583, -73.492898)",125 DANBURY ROAD; ROUTE #35,RIDGEFIELD,CT,06877,387749
STOP & SHOP PHARMACY #654,(203) 238-1261,PCY.0001729,"485 BROAD ST
CT 06450-5801
(41.533258, -72.792516)",485 BROAD ST,MERIDEN,CT,06450-5801,223411
STOP & SHOP PHARMACY #650,203-254-8538,PCY.0001651,"1160 KING'S HIGHWAY
CUTOFF, CT 06430
(39.815472, -89.670785)",1160 KING'S HIGHWAY CUTOFF,FAIRFIELD,CT,06430,188609
STOP & SHOP PHARMACY #648,(203) 389-8863,PCY.0001470,"112 AMITY RD
CT 06515-1405
(41.338079, -72.979877)",112 AMITY RD,NEW HAVEN,CT,06515-1405,39098
STOP & SHOP PHARMACY #647,(203) 876-0654,PCY.0001747,"855 BRIDGEPORT AVE
CT 06460-3171
(41.21283, -73.078157)",855 BRIDGEPORT AVE,MILFORD,CT,06460-3171,230523
STOP & SHOP PHARMACY #645,(860) 348-9830,PCY.0001761,"1309 CORBIN AVE
CT 06053-3857
(41.669384, -72.805828)",1309 CORBIN AVE,NEW BRITAIN,CT,06053-3857,243636
STOP & SHOP PHARMACY #644,(203) 797-8476,PCY.0001375,"44 LAKE AVENUE EXT
CT 06811-5244
(41.38654, -73.487638)",44 LAKE AVENUE EXT,DANBURY,CT,06811-5244,38675
STOP & SHOP PHARMACY #642,(860) 583-9213,PCY.0001676,"747 PINE ST
CT 06010-6959
(41.668884, -72.89558)",747 PINE ST,BRISTOL,CT,06010-6959,157733
STOP & SHOP PHARMACY #640,203-299-1718,PCY.0001688,"385 CONNECTICUT AVE
CT 06854-1805
(41.100367, -73.440807)",385 CONNECTICUT AVE,NORWALK,CT,06854-1805,200353
STOP & SHOP PHARMACY #639,2033755717,PCY.0001320,"200 E MAIN ST
CT 06614-5114
(41.20238, -73.117459)",200 E MAIN ST,STRATFORD,CT,06614-5114,38464
STOP & SHOP PHARMACY #637,(203) 356-0126,PCY.0001642,"2200 BEDFORD ST
CT 06905-3905
(41.06854, -73.544635)",2200 BEDFORD ST,STAMFORD,CT,06905-3905,185419
STOP & SHOP PHARMACY #636,2032700827,PCY.0001394,"228 SOUTH MAIN STREET
CT 06470
(41.373447, -73.271551)",228 SOUTH MAIN STREET,NEWTOWN,CT,06470,38871
STOP & SHOP PHARMACY #634,(860) 232-8861,PCY.0001520,"150 NEW PARK AVE
CT 06106-2159
(41.75245, -72.709485)",150 NEW PARK AVE,HARTFORD,CT,06106-2159,39124
STOP & SHOP PHARMACY #632,(860) 563-4462,PCY.0001307,"80 TOWN LINE ROAD
CT 06067
(41.682422, -72.657347)",80 TOWN LINE ROAD,ROCKY HILL,CT,06067,38456
STOP & SHOP PHARMACY #629,2039293887,PCY.0001187,"898 BRIDGEPORT AVENUE
CT 06484
(41.264354, -73.133516)",898 BRIDGEPORT AVENUE,SHELTON,CT,06484,283056
STOP & SHOP PHARMACY #625,(860) 738-2707,PCY.0001595,"200 NEW HARTFORD RD
CT 06098-3373
(41.90999, -73.048905)",200 NEW HARTFORD RD,WINSTED,CT,06098-3373,172022
STOP & SHOP PHARMACY #622,8604892433,PCY.0001397,"211 HIGH ST
CT 06790-6301
(41.800054, -73.128701)",211 HIGH ST,TORRINGTON,CT,06790-6301,38873
STOP & SHOP PHARMACY #621,(203) 262-4559,PCY.0002018,"100 MAIN ST N
CT 06488-3839
(41.478547, -73.212925)",100 MAIN ST N,SOUTHBURY,CT,06488-3839,416692
STOP & SHOP PHARMACY #620,(203) 261-3691,PCY.0001679,"100 QUALITY ST
CT 06611-3143
(41.256075, -73.215736)",100 QUALITY ST,TRUMBULL,CT,06611-3143,154960
STOP & SHOP PHARMACY #618,(203) 755-5814,PCY.0001439,"410 REIDVILLE DR
CT 06705-2660
(41.5388, -72.999166)",410 REIDVILLE DR,WATERBURY,CT,06705-2660,245847
STOP & SHOP PHARMACY #615,(860) 887-1615,PCY.0000937,"42 TOWN ST
CT 06360-2316
(41.546508, -72.091505)",42 TOWN ST,NORWICH,CT,06360-2316,37774
STOP & SHOP PHARMACY #614,860-828-0772,PCY.0002004,"1135 FARMINGTON AVE
CT 06037-5200
(41.629095, -72.757383)",1135 FARMINGTON AVE,BERLIN,CT,06037-5200,412188
STOP & SHOP PHARMACY #613,(860) 871-1053,PCY.0001645,"10 PITKIN RD
CT 06066-4709
(41.830649, -72.492605)",10 PITKIN RD,VERNON,CT,06066-4709,187385
STOP & SHOP PHARMACY #611,860-844-8346,PCY.0001793,"120 SALMON BROOK ST
CT 06035-2604
(41.935283, -72.790567)",120 SALMON BROOK ST,GRANBY,CT,06035-2604,289905
STOP & SHOP PHARMACY #608,8605372570,PCY.0001599,"99 LINWOOD AVE
CT 06415-1159
(41.572306, -72.33562)",99 LINWOOD AVE,COLCHESTER,CT,06415-1159,175335
STOP & SHOP PHARMACY #607,(860) 651-9843,PCY.0001486,"498 BUSHY HILL RD
CT 06070-2931
(41.820736, -72.864549)",498 BUSHY HILL RD,SIMSBURY,CT,06070-2931,39105
STOP & SHOP PHARMACY #606,860-635-6303,PCY.0001225,"35 SHUNPIKE RD
CT 06416-2414
(41.602303, -72.676099)",35 SHUNPIKE RD,CROMWELL,CT,06416-2414,38237
STOP & SHOP PHARMACY #605,,PCY.0001821,"55 OAK STREET
CT 06033
(41.707078, -72.592758)",55 OAK STREET,GLASTONBURY,CT,06033,319465
STOP & SHOP PHARMACY #603,203-881-2756,PCY.0001763,"15 FRANKLIN ST
CT 06483-2809
(41.400614, -73.072106)",15 FRANKLIN ST,SEYMOUR,CT,06483-2809,245610
STOP & SHOP PHARMACY #600,(203) 248-9631,PCY.0001565,"2335 DIXWELL AVE
CT 06514-2100
(41.372994, -72.916778)",2335 DIXWELL AVE,HAMDEN,CT,06514-2100,134308
STOP & SHOP PHARMACY #2614,(860) 870-6255,PCY.0001551,"50 WINDSORVILLE RD
CT 06066-2385
(41.865032, -72.482059)",50 WINDSORVILLE RD,VERNON,CT,06066-2385,74160
STOP & SHOP PHARMACY #2613,860-594-7123,PCY.0001586,"206 KITTS LN
CT 06111-4250
(41.682657, -72.709471)",206 KITTS LN,NEWINGTON,CT,06111-4250,172482
STOP & SHOP PHARMACY #2612,(203) 312-9818,PCY.0001860,"25 ROUTE
CT 06812-4615",25 ROUTE 39,NEW FAIRFIELD,CT,06812-4615,360302
STOP & SHOP PHARMACY #2611,(860) 267-2771,PCY.0002072,"11 E HIGH ST
CT 06424-1022
(41.583136, -72.504129)",11 E HIGH ST,EAST HAMPTON,CT,06424-1022,446179
STOP & SHOP PHARMACY #2605,(860) 741-2200,PCY.0001345,"54 HAZARD AVE
CT 06082-3845
(41.989505, -72.574563)",54 HAZARD AVE,ENFIELD,CT,06082-3845,38655
STOP & SHOP #695,(203) 272-5993,PCY.0001994,"275 HIGHLAND AVE
CT 06410-2522
(41.505685, -72.900364)",275 HIGHLAND AVE,CHESHIRE,CT,06410-2522,408344
STOP & SHOP #688,(860) 388-6461,PCY.0001357,"105 ELM ST
CT 06475-4132
(41.53234, -72.797805)",105 ELM ST,OLD SAYBROOK,CT,06475-4132,249867
STOP & SHOP #667,(860) 444-6772,PCY.0001260,"117 BOSTON POST RD
CT 06385-2400
(41.34205, -72.124278)",117 BOSTON POST RD,WATERFORD,CT,06385-2400,241634
STOP & SHOP #653,(203) 254-9461,PCY.0001426,"1790 POST RD E
CT 06880-5607
(41.138347, -73.30227)",1790 POST RD E,WESTPORT,CT,06880-5607,38886
STOP & SHOP #652,(860) 669-6636,PCY.0001232,"215 E MAIN ST
CT 06413-2200
(41.272692, -72.506861)",215 E MAIN ST,CLINTON,CT,06413-2200,249883
STOP & SHOP #638,(203) 265-6400,PCY.0001358,"930 N COLONY RD
CT 06492-2471
(41.483613, -72.809856)",930 N COLONY RD,WALLINGFORD,CT,06492-2471,38661
STOP & SHOP #631,3013414387,PCY.0001596,"215 GLASTONBURY BLVD
CT 06033-4408
(41.721089, -72.623445)",215 GLASTONBURY BLVD,GLASTONBURY,CT,06033-4408,172001
STOP & SHOP #630,(860) 667-8380,PCY.0001454,"44 FENN RD
CT 06111-2212
(41.698061, -72.756446)",44 FENN RD,NEWINGTON,CT,06111-2212,38903
STOP & SHOP #628,(860) 582-5674,PCY.0001315,"597 FARMINGTON AVE
CT 06010-3932
(41.690427, -72.924037)",597 FARMINGTON AVE,BRISTOL,CT,06010-3932,246463
STOP & SHOP #624,(203) 245-7467,PCY.0001748,"136 SAMSON ROCK DR
CT 06443-3018
(41.278666, -72.596284)",136 SAMSON ROCK DR,MADISON,CT,06443-3018,230525
STOP & SHOP #623,(860) 346-0160,PCY.0001429,"416 E MAIN ST
CT 06457-4555
(41.545851, -72.638978)",416 E MAIN ST,MIDDLETOWN,CT,06457-4555,245843
STOP & SHOP #619,(860) 688-1744,PCY.0001597,"1095 KENNEDY RD
CT 06095-1339
(41.894047, -72.650724)",1095 KENNEDY RD,WINDSOR,CT,06095-1339,171992
STOP & SHOP #610,(860) 956-3740,PCY.0001391,"1380 BERLIN TPKE
CT 06109-1093
(41.716934, -72.696077)",1380 BERLIN TPKE,WETHERSFIELD,CT,06109-1093,283272
STOP & SHOP #604,(203) 729-4182,PCY.0001348,"727 RUBBER AVE
CT 06770-3642
(41.49262, -73.078807)",727 RUBBER AVE,NAUGATUCK,CT,06770-3642,246647
STOLL'S PHARMACY,(203) 575-0199,PCY.0001330,"185 GROVE ST
CT 06710-2289
(41.55988, -73.042783)",185 GROVE ST,WATERBURY,CT,06710-2289,38469
SLAVINS-HANCOCK PHARMACY INC,(203) 323-2161,PCY.0000767,"922 WASHINGTON BLVD
CT 06901-2902
(41.052292, -73.54231)",922 WASHINGTON BLVD,STAMFORD,CT,06901-2902,244280
SIMPLY PHARMACY,(860) 865-1303,PCY.0002312,"92 BOSTON POST RD
CT 06385-2421
(41.341771, -72.121867)",92 BOSTON POST RD,WATERFORD,CT,06385-2421,1276408
SHOPRITE PHARMACY OF WEST HARTFORD,(860) 233-9622,PCY.0002171,"46 KANE ST
CT 06119-2109
(41.751762, -72.716109)",46 KANE ST,WEST HARTFORD,CT,06119-2109,921806
SHOPRITE PHARMACY OF WATERBURY,2037531718,PCY.0001125,"943 WOLCOTT ST
CT 06705-1301
(41.566909, -73.007624)",943 WOLCOTT ST,WATERBURY,CT,06705-1301,249885
SHOPRITE PHARMACY OF ORANGE,(203) 795-0634,PCY.0002340,"259 BULL HILL LN
CT 06477-3212
(41.273775, -72.987395)",259 BULL HILL LN,ORANGE,CT,06477-3212,1371412
SHOPRITE PHARMACY OF NORWICH,(860) 859-9758,PCY.0002261,"634 W MAIN ST
CT 06360-6007
(41.515526, -72.102014)",634 W MAIN ST,NORWICH,CT,06360-6007,1150552
SHOPRITE PHARMACY OF HAMDEN,(203) 230-8019,PCY.0002178,"2100 DIXWELL AVE
CT 06514-2406
(41.369377, -72.919103)",2100 DIXWELL AVE,HAMDEN,CT,06514-2406,924942
SHOPRITE PHARMACY OF CLINTON,(860) 669-6619,PCY.0002169,"266 E MAIN ST
CT 06413-2254
(41.271017, -72.50094)",266 E MAIN ST,CLINTON,CT,06413-2254,921801
SHOPRITE PHARMACY OF BRISTOL #308,860-584-5733,PCY.0001700,"1200 FARMINGTON AVE
CT 06010-4714
(41.697521, -72.903645)",1200 FARMINGTON AVE,BRISTOL,CT,06010-4714,212643
SHOPRITE OF STRATFORD,(203) 378-4296,PCY.0002183,"250 BARNUM AVENUE
CUTOFF, CT 06614-5152
(41.187322, -73.184423)",250 BARNUM AVENUE CUTOFF,STRATFORD,CT,06614-5152,943683
SHOPRITE OF NEW LONDON,(860) 447-1194,PCY.0001743,"351 N FRONTAGE RD
CT 06320-2628
(41.370046, -72.118576)",351 N FRONTAGE RD,NEW LONDON,CT,06320-2628,225180
SHOPRITE OF MILFORD,203-783-0587,PCY.0002334,"935 BOSTON POST RD
CT 06460-3531
(41.231794, -73.048967)",935 BOSTON POST RD,MILFORD,CT,06460-3531,1342562
SHOPRITE OF CROMWELL,(860) 613-2063,PCY.0002388,"45 SHUNPIKE RD
CT 06416-2447
(41.604628, -72.676192)",45 SHUNPIKE RD,CROMWELL,CT,06416-2447,1633747
SHOPRITE EAST HAVEN,(475) 202-5180,PCY.0002277,"745 FOXON RD
CT 06513-1873
(41.322169, -72.854616)",745 FOXON RD,EAST HAVEN,CT,06513-1873,1175943
SHARON PHARMACY,(860) 364-5272,PCY.0000294,"8 GAY ST
CT 06069-0116
(41.92314, -73.069718)",8 GAY ST,SHARON,CT,06069-0116,37117
SEYBRIDGE PHARMACY INC,203-888-0073,PCY.0001292,"37 NEW HAVEN RD
CT 06483-3460
(41.397087, -73.062539)",37 NEW HAVEN RD,SEYMOUR,CT,06483-3460,38450
SERAFINOS PHARMACY INC,(860) 628-7979,PCY.0000495,"36 N MAIN ST
CT 06489-2517
(41.602656, -72.878252)",36 N MAIN ST,SOUTHINGTON,CT,06489-2517,37335
SAM'S CLUB PHARMACY #10-6636,(860) 665-0867,PCY.0002129,"3465 BERLIN TPKE
CT 06111-5106
(41.649893, -72.728824)",3465 BERLIN TPKE,NEWINGTON,CT,06111-5106,519234
SALISBURY PHARMACY,,PCY.0000516,"20 MAIN ST
CT 06068-1800
(41.982307, -73.42261)",20 MAIN ST,SALISBURY,CT,06068-1800,37338
SALEM PHARMACY LLC,(860) 949-8624,PCY.0002252,"20 HARTFORD RD
CT 06420-3841
(41.477175, -72.26522)",20 HARTFORD RD UNIT 16,SALEM,CT,06420-3841,1121463
SAINT FRANCISRX #1,(860) 527-2800,PCY.0001117,"100 WOODLAND ST
CT 06105-1223
(41.774368, -72.699779)",100 WOODLAND ST,HARTFORD,CT,06105-1223,38011
ROTARY DRUG,(203) 378-9394,PCY.0000898,"1030 BARNUM AVE
CT 06614-4985
(41.186628, -73.170401)",1030 BARNUM AVE,STRATFORD,CT,06614-4985,246024
ROCKY HILL COMMUNITY PHARMACY,(860) 372-4618,PCY.0002299,"366 CROMWELL AVE
CT 06067-1841
(41.66061, -72.678609)",366 CROMWELL AVE,ROCKY HILL,CT,06067-1841,1237800
RIVERSIDE PHARMACY INC,(201) 270-8013,PCY.0002311,"926 MAIN ST
CT 06108-2237
(41.770237, -72.643217)",926 MAIN ST,EAST HARTFORD,CT,06108-2237,1275709
RITE AID  #922,(860) 274-9191,PCY.0001076,"1271 MAIN ST
CT 06795-3107
(41.591236, -73.106661)",1271 MAIN ST,WATERTOWN,CT,06795-3107,38000
RITE AID #6708,(203) 492-0090,PCY.0002325,"249 LEGION AVE
CT 06519-5508
(41.306042, -72.942405)",249 LEGION AVE,NEW HAVEN,CT,06519-5508,1320894
RITE AID  #667,(203)734-3152,PCY.0001022,"404 MAIN ST
CT 06401-2307
(41.339991, -73.077994)",404 MAIN ST,ANSONIA,CT,06401-2307,225195
RITE AID  #576,(203) 265-3600,PCY.0001059,"605 N COLONY RD
CT 06492-3109
(41.469772, -72.816573)",605 N COLONY RD,WALLINGFORD,CT,06492-3109,37995
RITE AID  #4995,(860) 354-6313,PCY.0001703,"173 DANBURY RD
CT 06776-4309
(41.550702, -73.417829)",173 DANBURY RD,NEW MILFORD,CT,06776-4309,211229
RITE AID  #4778,(203) 469-7648,PCY.0001644,"588 MAIN ST
CT 06512-2001
(41.283646, -72.882729)",588 MAIN ST,EAST HAVEN,CT,06512-2001,186746
RITE AID  #4772,8607494184,PCY.0001671,"71 PALOMBA DRIVE
CT 06082-3801
(41.989896, -72.571235)",71 PALOMBA DRIVE,ENFIELD,CT,06082-3801,198649
RITE AID  #4759,860-684-9555,PCY.0001639,"88 W STAFFORD RD
CT 06076-1067
(41.969301, -72.33148)",88 W STAFFORD RD,STAFFORD SPRINGS,CT,06076-1067,183156
RITE AID #4620,(203) 879-5853,PCY.0001618,"744 WOLCOTT RD
CT 06716-1906
(41.602586, -72.986604)",744 WOLCOTT RD,WOLCOTT,CT,06716-1906,50409
RITE AID  #441,203-777-7248,PCY.0001045,"66 CHURCH ST
CT 06510-3304
(41.305271, -72.926349)",66 CHURCH ST,NEW HAVEN,CT,06510-3304,225197
RITE AID  #4092,203-468-1039,PCY.0002132,"645 FOXON RD
CT 06513-1951
(41.321908, -72.85054)",645 FOXON RD,EAST HAVEN,CT,06513-1951,518168
RITE AID  #3619,(203) 382-0009,PCY.0001540,"1060 E MAIN ST
CT 06608-1915
(41.189227, -73.180694)",1060 E MAIN ST,BRIDGEPORT,CT,06608-1915,3451
RITE AID  #3440,(203) 838-6141,PCY.0001488,"190 EAST AVE
CT 06855-1112
(41.107181, -73.405508)",190 EAST AVE,NORWALK,CT,06855-1112,317813
RITE AID  #3264,(203) 469-4609,PCY.0001456,"10 HEMINGWAY AVE
CT 06512-3404
(41.266838, -72.872485)",10 HEMINGWAY AVE,EAST HAVEN,CT,06512-3404,247613
RITE AID  #2737,(860) 283-8541,PCY.0001710,"455 S MAIN ST
CT 06787-1816
(41.6616, -73.080006)",455 S MAIN ST,THOMASTON,CT,06787-1816,213501
RITE AID  #2666,(203) 596-8192,PCY.0001404,"277 FAIRFIELD AVE
CT 06708-4068
(41.535571, -73.059624)",277 FAIRFIELD AVE,WATERBURY,CT,06708-4068,38878
RITE AID  #2574,(203) 877-6774,PCY.0001154,"1360 BOSTON POST RD
CT 06460-2704
(41.24011, -73.034328)",1360 BOSTON POST RD,MILFORD,CT,06460-2704,225198
RITE AID  #2089,(203) 754-3636,PCY.0001696,"1030 WOLCOTT ST
CT 06705-1316
(41.569016, -73.006198)",1030 WOLCOTT ST,WATERBURY,CT,06705-1316,208021
RITE AID  #1882,(203) 777-0695,PCY.0001308,"325 FERRY ST
CT 06513-3702
(41.308742, -72.895391)",325 FERRY ST,NEW HAVEN,CT,06513-3702,38457
RITE AID  #1839,203-933-5260,PCY.0001666,"70 ELM ST
CT 06516-3810
(41.27894, -72.942171)",70 ELM ST,WEST HAVEN,CT,06516-3810,194050
RITE AID  #1790,(203) 573-0378,PCY.0001300,"141 MERIDEN RD
CT 06705-1937
(41.549564, -73.013867)",141 MERIDEN RD,WATERBURY,CT,06705-1937,247749
RITE AID  #1404,(203) 797-0223,PCY.0001224,"30 GERMANTOWN RD
CT 06810-5033
(41.411304, -73.435759)",30 GERMANTOWN RD,DANBURY,CT,06810-5033,38236
RITE AID  #1375,(203) 723-7745,PCY.0001214,"56 RUBBER AVE
CT 06770-4136
(41.487054, -73.057201)",56 RUBBER AVE,NAUGATUCK,CT,06770-4136,246251
RITE AID  #1214,8605677064,PCY.0001193,"331 WEST ST
CT 06759-3406
(41.745308, -73.204418)",331 WEST ST,LITCHFIELD,CT,06759-3406,225200
RITE AID  #1087,(203) 272-3543,PCY.0000357,"180 MAIN ST
CT 06410-2406
(41.503573, -72.903987)",180 MAIN ST,CHESHIRE,CT,06410-2406,37129
RITE AID  #10390,203-325-1260,PCY.0001475,"82 HOYT ST
CT 06905-5701
(41.061211, -73.53725)",82 HOYT ST,STAMFORD,CT,06905-5701,39101
RITE AID  #10389,(203) 438-7378,PCY.0001885,"125 DANBURY RD
CT 06877-4139
(41.294583, -73.492898)",125 DANBURY RD,RIDGEFIELD,CT,06877-4139,376869
RITE AID  #10386,(203) 259-2353,PCY.0001413,"1619 POST RD
CT 06824-5910
(41.141035, -73.260217)",1619 POST RD,FAIRFIELD,CT,06824-5910,38879
RITE AID #10384,(203) 798-7520,PCY.0001883,"113 115 MILL PLAIN RD
CT 06811-5277
(41.391829, -73.522363)",113-115 MILL PLAIN RD,DANBURY,CT,06811-5277,376861
RITE AID  #10383,(203) 740-1005,PCY.0001890,"215 FEDERAL RD
CT 06804-2630
(41.443022, -73.404855)",215 FEDERAL RD,BROOKFIELD,CT,06804-2630,377474
RITE AID  #10382,(203) 792-6190,PCY.0000850,"289 GREENWOOD AVE
CT 06801-2402
(41.374594, -73.423346)",289 GREENWOOD AVE,BETHEL,CT,06801-2402,244287
RITE AID  #10381,860-274-7559,PCY.0001277,"620 MAIN ST
CT 06795-2614
(41.601985, -73.116098)",620 MAIN ST,WATERTOWN,CT,06795-2614,246434
RITE AID  #10378,(860) 589-7713,PCY.0001221,"8 S MAIN ST
STE A, CT 06786-6235
(41.677936, -73.011359)",8 S MAIN ST STE A,TERRYVILLE,CT,06786-6235,38234
RITE AID #10376,(203) 377-8065,PCY.0001264,"3680 MAIN ST
CT 06614-4102
(41.209854, -73.129875)",3680 MAIN ST,STRATFORD,CT,06614-4102,38438
RITE AID  #10375,(203) 230-0274,PCY.0000494,"2175 DIXWELL AVE
CT 06514-2405
(41.370191, -72.918598)",2175 DIXWELL AVE,HAMDEN,CT,06514-2405,245282
RITE AID  #10372,(203) 484-0431,PCY.0001459,"1395 MIDDLETOWN AVE
CT 06472-1395
(41.392796, -72.792014)",1395 MIDDLETOWN AVE,NORTHFORD,CT,06472-1395,38906
RITE AID  #10371,(203) 488-8703,PCY.0001449,"280 BRANFORD RD
CT 06471-9995
(41.32508, -72.770164)",280 BRANFORD RD,NORTH BRANFORD,CT,06471-9995,38899
RITE AID  #10370,(203) 261-6493,PCY.0001366,"435 MAIN ST
CT 06468-1151
(41.322413, -73.265029)",435 MAIN ST,MONROE,CT,06468-1151,38667
RITE AID  #10369,(203) 268-9091,PCY.0001179,"508 MONROE TPKE
CT 06468-2309
(41.317392, -73.215594)",508 MONROE TPKE,MONROE,CT,06468-2309,38217
RITE AID  #10367,(203) 874-0845,PCY.0001159,"1387 NEW HAVEN AVE
CT 06460-8159
(41.228629, -72.996672)",1387 NEW HAVEN AVE,MILFORD,CT,06460-8159,225199
RITE AID  #10361,(203) 271-0282,PCY.0001147,"922 S MAIN ST
CT 06410-3419
(41.479594, -72.905762)",922 S MAIN ST,CHESHIRE,CT,06410-3419,38208
RITE AID  #10345,(860) 623-3327,PCY.0001458,"74 BRIDGE ST
CT 06088-9679
(41.929499, -72.616514)",74 BRIDGE ST,EAST WINDSOR,CT,06088-9679,38905
RITE AID  #10341,(860) 824-5481,PCY.0001677,"76 MAIN ST
CT 06018-2460
(42.026712, -73.329161)",76 MAIN ST,CANAAN,CT,06018-2460,159990
RITE AID  #10340,(860) 242-5551,PCY.0000066,"835 PARK AVE
CT 06002-2469
(41.829949, -72.735067)",835 PARK AVE,BLOOMFIELD,CT,06002-2469,36890
RITE AID  #1033,(203) 865-3179,PCY.0000931,"85 MIDDLETOWN AVE
CT 06473-3927
(41.34023, -72.863418)",85 MIDDLETOWN AVE,NORTH HAVEN,CT,06473-3927,37773
RELIANT  PHARMACY,(203) 262-8000,PCY.0002189,"200 MAIN ST S
CT 06488-4250
(41.475614, -73.218871)",200 MAIN ST S,SOUTHBURY,CT,06488-4250,949798
PROFESSIONAL HOMECARE SERVICES INC,(860) 632-3600,PCY.0001879,"106 SEBETHE DR
STE A, CT 06416-1094
(41.610693, -72.707565)",106 SEBETHE DR STE A,CROMWELL,CT,06416-1094,375235
PROCARE LTC PHARMACY OF CONNECTICUT LLC,(877) 827-7901,PCY.0002214,"1492 HIGHLAND AVE
CT 06410-1287
(41.543274, -72.892293)",1492 HIGHLAND AVE STE 1C,CHESHIRE,CT,06410-1287,997808
PRICE CHOPPER PHARMACY #204,(860) 582-3702,PCY.0001858,"121 FARMINGTON AVE
CT 06010-4217
(41.684689, -72.939061)",121 FARMINGTON AVE,BRISTOL,CT,06010-4217,356811
PRICE CHOPPER #203,(860) 621-5369,PCY.0001857,"410 QUEEN ST
CT 06489-1801
(41.627731, -72.8736)",410 QUEEN ST,SOUTHINGTON,CT,06489-1801,356810
PLAINVILLE COMMUNITY PHARMACY,(860) 222-9422,PCY.0002355,"170 EAST ST
CT 06062-2913
(41.66387, -72.863749)",170 EAST ST,PLAINVILLE,CT,06062-2913,1417364
PHARMERICA,800-282-4321,PCY.0001654,"8 FAIRFIELD BLVD
CT 06492-1890
(41.487043, -72.78937)",8 FAIRFIELD BLVD STE 103,WALLINGFORD,CT,06492-1890,287079
PETRICONE'S TORRINGTON PHARMACY,(860) 489-5511,PCY.0000773,"110 E MAIN ST
CT 06790-5429
(41.802021, -73.118856)",110 E MAIN ST,TORRINGTON,CT,06790-5429,37561
OXFORD PHARMACY,(203) 888-4567,PCY.0000392,"100 OXFORD RD
CT 06478-1990
(41.407698, -73.094346)",100 OXFORD RD,OXFORD,CT,06478-1990,280525
OUTPATIENT PHARMACY SERVICES AT YALE NEW HAVEN HEALTH,844-881-0043,PCY.0002330,"1100 SHERMAN AVE
CT 06514-1363
(41.396475, -72.920042)",1100 SHERMAN AVE,HAMDEN,CT,06514-1363,1327980
ORONOQUE PHARMACY,2033781111,PCY.0001287,"7365 MAIN STREET
CT 06614
(41.253464, -73.100455)",7365 MAIN STREET,STRATFORD,CT,06614,38446
NUTMEG PHARMACY,,PCY.0002380,"3 N 2ND AVE
CT 06380-1407
(41.570033, -72.04905)",3 N 2ND AVE,TAFTVILLE,CT,06380-1407,1601676
NUTMEG PHARMACY,(860) 345-3607,PCY.0002191,"23 KILLINGWORTH RD
CT 06441-4242
(41.494954, -72.558359)",23 KILLINGWORTH RD,HIGGANUM,CT,06441-4242,950970
NUTMEG PHARMACY,(860) 767-0206,PCY.0002367,"33 MAIN ST
CT 06409-1083
(41.351881, -72.411685)",33 MAIN ST,CENTERBROOK,CT,06409-1083,1469286
NOSTRUM RX PHARMACY,(860) 343-5220,PCY.0002373,"2286 BERLIN TPKE
CT 06111-3202
(41.689989, -72.706254)",2286 BERLIN TPKE,NEWINGTON,CT,06111-3202,1511053
NORWALK PHARMACY LLC,(203) 536-4901,PCY.0002172,"250 WESTPORT AVE
CT 06851-4158
(41.124839, -73.395781)",250 WESTPORT AVE,NORWALK,CT,06851-4158,923918
NORTH STREET PHARMACY,2038692130,PCY.0000741,"1043 NORTH ST
CT 06831-2701
(41.140844, -73.639421)",1043 NORTH ST,GREENWICH,CT,06831-2701,225196
NORTH HAVEN PHARMACY,(203) 239-2086,PCY.0000702,"278 MAPLE AVE
CT 06473-3326
(41.370443, -72.852234)",278 MAPLE AVE,NORTH HAVEN,CT,06473-3326,37547
NEW CANAAN PHARMACY,(203) 920-1385,PCY.0002292,"44 EAST AVE
CT 06840-5518
(41.147668, -73.49005)",44 EAST AVE,NEW CANAAN,CT,06840-5518,1215066
NEW BRITAIN PHARMACY,860-223-0522,PCY.0002260,"46 BROAD ST
CT 06053-4305
(41.67338, -72.785028)",46 BROAD ST,NEW BRITAIN,CT,06053-4305,1146910
NB HEALTH CARE LLC,860-229-7000,PCY.0002291,"200 MAIN ST
CT 06051-2222
(41.666983, -72.782254)",200 MAIN ST,NEW BRITAIN,CT,06051-2222,1212758
NATHAN HALE PHARMACY,(860) 873-1481,PCY.0001028,"26 FALLS RD
CT 06469
(41.505271, -72.447227)",26 FALLS RD,MOODUS,CT,06469,37985
MY FAIR HAVEN PHARMACY,,PCY.0002315,"72 GRAND AVE
CT 06513-3997
(41.3094, -72.890496)",72 GRAND AVE,NEW HAVEN,CT,06513-3997,1283604
MEDICINE SHOPPE (THE),(860) 339-5667,PCY.0002318,"535 BOSTON POST RD
CT 06475-1506
(41.298608, -72.376153)",535 BOSTON POST RD,OLD SAYBROOK,CT,06475-1506,1291267
MEDICINE SHOPPE (THE),(860) 442-0669,PCY.0001118,"613 BROAD STREET
CT 06320
(41.366457, -72.122918)",613 BROAD STREET,NEW LONDON,CT,06320,246038
MEDICINE SHOPPE (THE),860-875-2507,PCY.0000793,"79 EAST ST
CT 06066-3845
(41.86066, -72.431716)",79 EAST ST,VERNON ROCKVILLE,CT,06066-3845,37563
MEDICAL PHARMACY INC,(860) 423-1661,PCY.0000892,"1213 MAIN ST
CT 06226-1907
(41.714043, -72.225524)",1213 MAIN ST,WILLIMANTIC,CT,06226-1907,37766
MEDICAL ARTS PHARMACY,(203) 590-3737,PCY.0002335,"15 CORPORATE DR
CT 06611-1351
(41.29616, -73.227272)",15 CORPORATE DR STE 1-1,TRUMBULL,CT,06611-1351,1343151
MCQUADE'S PHARMACY INC,(860) 536-4606,PCY.0001547,"10 CLARA DR
CT 06355-1957
(41.372285, -71.954712)",10 CLARA DR,MYSTIC,CT,06355-1957,283469
MANCHESTER RX LLC,(860) 649-1025,PCY.0001290,"348 MAIN ST
CT 06040-4123
(41.781428, -72.522239)",348 MAIN ST,MANCHESTER,CT,06040-4123,38449
MAIN STREET PHARMACY 3 LLC,(203) 870-9902,PCY.0002190,"2117 BOSTON AVE
CT 06610-3030
(41.192539, -73.155251)",2117 BOSTON AVE,BRIDGEPORT,CT,06610-3030,950661
MAIN STREET PHARMACY #2,203-297-6130,PCY.0002154,"151 MAIN ST
CT 06810-7805
(41.39292, -73.450523)",151 MAIN ST,DANBURY,CT,06810-7805,903724
MAIN STREET PHARMACY,(860) 200-0909,PCY.0002387,"2550 MAIN ST
CT 06120-1936
(41.788929, -72.672016)",2550 MAIN ST,HARTFORD,CT,06120-1936,1626635
LEAR PHARMACY,(203) 735-7433,PCY.0000640,"198 WAKELEE AVE
CT 06401-1153
(41.345615, -73.090805)",198 WAKELEE AVE,ANSONIA,CT,06401-1153,247235
LANGS PHARMACY OF WILTON CENTER,(203) 241-4711,PCY.0002343,"28 CENTER ST
CT 06897-3007
(41.194945, -73.43278)",28 CENTER ST,WILTON,CT,06897-3007,1383339
KURE RX,860-206-3890,PCY.0002360,"1156 ALBANY AVE
CT 06112-2393
(41.781996, -72.695709)",1156 ALBANY AVE,HARTFORD,CT,06112-2393,1431032
KENT STATION PHARMACY,(860) 927-3725,PCY.0000279,"38 N MAIN ST
CT 06757-1511
(41.726953, -73.475397)",38 N MAIN ST,KENT,CT,06757-1511,244508
JEWETT CITY PHARMACY,(860) 376-4468,PCY.0000657,"78 MAIN ST
CT 06351-2226
(41.60609, -71.982069)",78 MAIN ST,JEWETT CITY,CT,06351-2226,37539
HOWES DRUG & MEDICAL,(203) 878-2441,PCY.0000444,"78 BROAD ST
CT 06460-3353
(41.221277, -73.058429)",78 BROAD ST,MILFORD,CT,06460-3353,37321
HOPMEADOW APOTHECARY,(860)651-3331,PCY.0001100,"1300 HOPMEADOW ST
CT 06070-1411
(41.901298, -72.786252)",1300 HOPMEADOW ST,SIMSBURY,CT,06070-1411,38004
HOPE DISPENSARY OF GREATER BRIDGEPORT,203-332-5653,PCY.0002197,"2660 MAIN ST
CT 06606-5301
(41.198949, -73.201723)",2660 MAIN ST STE 115,BRIDGEPORT,CT,06606-5301,976383
HERITAGE VILLAGE PHARMACY,,PCY.0002289,"493 HERITAGE RD
CT 06488-3847
(41.489512, -73.22512)",493 HERITAGE RD,SOUTHBURY,CT,06488-3847,1206720
HEALTH CARE PHARMACY,(860) 263-8585,PCY.0002345,"740 MAPLE AVE
CT 06114-2314
(41.7399, -72.684336)",740 MAPLE AVE,HARTFORD,CT,06114-2314,1383651
HARTFORD PHARMACY INC,(860) 422-8888,PCY.0002255,"469 PARK ST
CT 06106-1519
(41.757985, -72.684862)",469 PARK ST,HARTFORD,CT,06106-1519,1132955
HARTFORD PHARMACY II,(860) 244-2222,PCY.0002349,"57 PARK ST
CT 06106-2520
(41.757267, -72.677042)",57 PARK ST,HARTFORD,CT,06106-2520,1397348
HANCOCK PHARMACY VII LLC,(203) 776-7100,PCY.0002174,"306 GRAND AVE
CT 06513-3730
(41.308702, -72.899542)",306 GRAND AVE,NEW HAVEN,CT,06513-3730,924540
HANCOCK PHARMACY VI,(203) 734-8900,PCY.0002176,"95 WAKELEE AVE
CT 06401-1151
(41.338549, -73.090174)",95 WAKELEE AVE,ANSONIA,CT,06401-1151,924696
HANCOCK PHARMACY V,(860) 346-9700,PCY.0002177,"644 MAIN ST
CT 06457-2731
(41.564897, -72.652324)",644 MAIN ST,MIDDLETOWN,CT,06457-2731,924761
HANCOCK PHARMACY III LLC,203-576-9000,PCY.0002256,"3768 MAIN ST
CT 06606-3610
(41.212426, -73.210559)",3768 MAIN ST,BRIDGEPORT,CT,06606-3610,1133657
HANCOCK PHARMACY AT LONG WHARF INC,(203) 787-9908,PCY.0002211,"1 LONG WHARF DR
CT 06511-5991
(41.288558, -72.929033)",1 LONG WHARF DR STE 116,NEW HAVEN,CT,06511-5991,993487
HANCOCK PHARMACY 2,(203) 368-9000,PCY.0002165,"1020 FAIRFIELD AVE
CT 06605-1187
(41.174276, -73.203808)",1020 FAIRFIELD AVE,BRIDGEPORT,CT,06605-1187,916005
GRIFFIN PHARMACY & GIFTS,(203) 732-1490,PCY.0001711,"130 DIVISION ST
CT 06418-1326
(41.335472, -73.088404)",130 DIVISION ST,DERBY,CT,06418-1326,292730
GREENWICH PHARMACY LLC,(203)6612721,PCY.0002186,"116 GREENWICH AVE
CT 06830-5504
(41.028979, -73.626347)",116 GREENWICH AVE,GREENWICH,CT,06830-5504,947070
GREENVILLE DRUG STORE,(860) 889-9857,PCY.0000731,"213 CENTRAL AVE
CT 06360-3801
(41.533513, -72.056734)",213 CENTRAL AVE,NORWICH,CT,06360-3801,247253
GREENVIEW PHARMACY LLC,203-531-3323,PCY.0002131,"13 N WATER ST
CT 06830-5814
(41.004191, -73.657315)",13 N WATER ST,GREENWICH,CT,06830-5814,520350
GREAT HILLS LLC,(203) 6343000,PCY.0002333,"152 COLONY ST
A, CT 06451-3225
(41.542155, -72.800102)",152 COLONY ST # A,MERIDEN,CT,06451-3225,1337671
GRAEBER'S PHARMACY INC,(203) 235-4463,PCY.0000416,"172 WEST MAIN STREET
CT 06450
(41.538625, -72.808652)",172 WEST MAIN STREET,MERIDEN,CT,06450,37316
GPG LLC,(203) 801-0808,PCY.0002314,"118 MAIN ST
CT 06840-4709
(41.147034, -73.492196)",118 MAIN ST,NEW CANAAN,CT,06840-4709,1283179
"GENOA HEALTHCARE, LLC",(860) 785-6052,PCY.0002309,"287 MAIN ST
CT 06118-1885
(41.742639, -72.632662)",287 MAIN ST STE A-2,EAST HARTFORD,CT,06118-1885,1273736
"GENOA HEALTHCARE,LLC",(860) 253-2605,PCY.0002266,"153 HAZARD AVE
CT 06082-4592
(41.987459, -72.557022)",153 HAZARD AVE STE 100,ENFIELD,CT,06082-4592,1161448
GENOA HEALTHCARE  LLC,(253) 218-0830,PCY.0002361,"56 COVENTRY ST
STE B, CT 06112-1524
(41.797407, -72.690075)",56 COVENTRY ST STE B,HARTFORD,CT,06112-1524,1437721
GENOA HEALTHCARE LLC,(253) 218-0830,PCY.0002376,"45 WADSWORTH ST
STE# P, CT 06106
(41.758879, -72.679432)",45 WADSWORTH ST STE# P,HARTFORD,CT,06106,1520999
GENOA HEALTHCARE LLC,(860) 967-0596,PCY.0002375,"43 WOODLAND ST
CT 06105-2363
(41.770332, -72.701552)",43 WOODLAND ST STE G100,HARTFORD,CT,06105-2363,1520991
GENOA HEALTHCARE LLC,(860) 447-9145,PCY.0002090,"21 MONTAUK AVE
CT 06320-4906
(41.348373, -72.105669)",21 MONTAUK AVE STE 102,NEW LONDON,CT,06320-4906,469503
GENOA HEALTHCARE LLC,(860) 288-2119,PCY.0002151,"444 CENTER ST
CT 06040-3926
(41.773073, -72.539008)",444 CENTER ST,MANCHESTER,CT,06040-3926,900273
GENOA HEALTHCARE LLC,(888) 436-6277,PCY.0002140,"883 PADDOCK AVE
CT 06450-7044
(41.50608, -72.776372)",883 PADDOCK AVE,MERIDEN,CT,06450-7044,531263
GENOA HEALTHCARE LLC,(860) 215-4321,PCY.0002298,"47 TOWN ST
STE G, CT 06360-2323
(41.546948, -72.092172)",47 TOWN ST STE G,NORWICH,CT,06360-2323,1227902
GENOA HEALTHCARE LLC,(860) 344-1704,PCY.0002267,"230 MAIN STREET EXT
STE A, CT 06457-4470
(41.550195, -72.642288)",230 MAIN STREET EXT STE A,MIDDLETOWN,CT,06457-4470,1164106
GENOA HEALTHCARE LLC,203-301-8861,PCY.0002269,"941 BRIDGEPORT AVE
CT 06460-3142
(41.214773, -73.074076)",941 BRIDGEPORT AVE STE M5,MILFORD,CT,06460-3142,1169257
GENOA HEALTHCARE LLC,860-479-2667,PCY.0002270,"91 NORTHWEST DR
CT 06062-1534
(41.691175, -72.879261)",91 NORTHWEST DR STE L-14,PLAINVILLE,CT,06062-1534,1169395
GENOA HEALTHCARE LLC,(860) 457-4690,PCY.0002135,"1007 N MAIN ST
CT 06241-2170
(41.834753, -71.877388)",1007 N MAIN ST,DAYVILLE,CT,06241-2170,525060
FORD PHARMACY & MED SUPPLY,(203) 729-2680,PCY.0000432,"2 CHURCH ST
CT 06770-4112
(41.487397, -73.056323)",2 CHURCH ST,NAUGATUCK,CT,06770-4112,37318
EYE OF HORUS PHARMACEUTICAL SERVICES LLC,8607450183,PCY.0001177,"15 PALOMBA DRIVE
CT 06082
(41.997147, -72.573657)",15 PALOMBA DRIVE; SUITE #8,ENFIELD,CT,06082,38216
ENGLISH APOTHECARY,203-792-3363,PCY.0002208,"140 GREENWOOD AVE
CT 06801-2530
(41.371144, -73.412319)",140 GREENWOOD AVE,BETHEL,CT,06801-2530,986516
EAST MAIN PHARMACY,203-755-7200,PCY.0000608,"2152 E MAIN ST
CT 06705-2603
(41.543575, -73.007236)",2152 E MAIN ST,WATERBURY,CT,06705-2603,37354
DIXWELL PHARMACY LLC,(203) 281-6571,PCY.0000382,"2380 DIXWELL AVE
CT 06514-1847
(41.376122, -72.915735)",2380 DIXWELL AVE,HAMDEN,CT,06514-1847,37314
DELLA PIETRA PHARMACY,203-754-0181,PCY.0000696,"792 HIGHLAND AVE
CT 06708-4117
(41.536496, -73.052021)",792 HIGHLAND AVE,WATERBURY,CT,06708-4117,247248
CVS PHARMACY #954,(860) 314-2891,PCY.0001584,"311 MAIN ST
CT 06786-5928
(41.67989, -73.019399)",311 MAIN ST,TERRYVILLE,CT,06786-5928,173086
CVS PHARMACY #953,(860) 675-9210,PCY.0001323,"45 S MAIN ST
CT 06085-1278
(41.75666, -72.886786)",45 S MAIN ST,UNIONVILLE,CT,06085-1278,38466
CVS PHARMACY #941,(203) 933-5499,PCY.0001326,"844 JONES HILL RD
CT 06516-5643
(41.259986, -72.96539)",844 JONES HILL RD,WEST HAVEN,CT,06516-5643,38467
CVS PHARMACY #935,(203) 294-8890,PCY.0002223,"891 N COLONY RD
CT 06492-2437
(41.480738, -72.810614)",891 N COLONY RD,WALLINGFORD,CT,06492-2437,1040720
CVS PHARMACY #918,(203) 655-2865,PCY.0001462,"964 POST RD
CT 06820-4508
(41.076492, -73.47094)",964 POST RD,DARIEN,CT,06820-4508,38907
CVS PHARMACY #916,(860) 945-3390,PCY.0001299,"26 DAVIS ST
CT 06779-1925
(41.588173, -73.0888)",26 DAVIS ST,OAKVILLE,CT,06779-1925,38453
CVS PHARMACY #865,(203) 235-8285,PCY.0001289,"839 E MAIN ST
CT 06450-6006
(41.52827, -72.775136)",839 E MAIN ST,MERIDEN,CT,06450-6006,38448
CVS PHARMACY #857,(203) 467-8876,PCY.0001304,"660 FOXON RD
CT 06513-1863
(41.322029, -72.852454)",660 FOXON RD,EAST HAVEN,CT,06513-1863,38455
CVS PHARMACY #854,(203) 847-6057,PCY.0001283,"327 MAIN AVE
CT 06851-6156
(41.13677, -73.424916)",327 MAIN AVE,NORWALK,CT,06851-6156,38444
CVS PHARMACY #85,(860) 569-0888,PCY.0002246,"972 SILVER LN
CT 06118-1248
(41.765618, -72.60116)",972 SILVER LN,EAST HARTFORD,CT,06118-1248,1082304
CVS PHARMACY #840,(860) 956-7107,PCY.0001286,"908 MAPLE AVE
CT 06114-2723
(41.734359, -72.687204)",908 MAPLE AVE,HARTFORD,CT,06114-2723,38445
CVS PHARMACY #839,(860) 793-9248,PCY.0001276,"14 FARMINGTON AVE
CT 06062-1780
(41.675272, -72.857973)",14 FARMINGTON AVE,PLAINVILLE,CT,06062-1780,38443
CVS PHARMACY #8249,(860) 963-2548,PCY.0002149,"57 PROVIDENCE PIKE
CT 06260-2413
(41.924975, -71.87677)",57 PROVIDENCE PIKE,PUTNAM,CT,06260-2413,897486
CVS PHARMACY #822,(860) 354-4455,PCY.0001271,"40 EAST ST
CT 06776-3014
(41.579274, -73.408642)",40 EAST ST,NEW MILFORD,CT,06776-3014,286845
CVS PHARMACY #811,(203) 389-4714,PCY.0001270,"1150 WHALLEY AVE
CT 06515-1790
(41.32911, -72.968379)",1150 WHALLEY AVE,NEW HAVEN,CT,06515-1790,246433
CVS PHARMACY #798,(203) 790-9485,PCY.0001261,"299 WHITE ST
CT 06810-6934
(41.399293, -73.431751)",299 WHITE ST # 305,DANBURY,CT,06810-6934,38436
CVS PHARMACY #7916,(860) 673-8006,PCY.0002036,"292 SPIELMAN HWY
CT 06013-1727
(41.770277, -72.970287)",292 SPIELMAN HWY,BURLINGTON,CT,06013-1727,428875
CVS PHARMACY #7856,(203) 299-5486,PCY.0002278,"281 CONNECTICUT AVE
CT 06854-1938
(41.102854, -73.435069)",281 CONNECTICUT AVE,NORWALK,CT,06854-1938,1179472
CVS PHARMACY #785,(860) 487-2034,PCY.0001674,"632 MIDDLE TPKE
CT 06268-1308
(41.827321, -72.267026)",632 MIDDLE TPKE,STORRS MANSFIELD,CT,06268-1308,199501
CVS PHARMACY #775,(203) 287-0835,PCY.0001252,"2045 DIXWELL AVE
CT 06514-2405
(41.367758, -72.920209)",2045 DIXWELL AVE,HAMDEN,CT,06514-2405,38432
CVS PHARMACY #760,(860) 224-3494,PCY.0001242,"713 W MAIN ST
CT 06053-3969
(41.666391, -72.806465)",713 W MAIN ST,NEW BRITAIN,CT,06053-3969,233493
CVS PHARMACY #750,(860) 741-5498,PCY.0001234,"875 ENFIELD ST
CT 06082-3617
(41.998176, -72.594367)",875 ENFIELD ST,ENFIELD,CT,06082-3617,38241
CVS PHARMACY #738,(203) 431-8888,PCY.0001228,"467 MAIN ST
CT 06877-4513
(41.282917, -73.498503)",467 MAIN ST,RIDGEFIELD,CT,06877-4513,38239
CVS PHARMACY #718,(203) 735-7837,PCY.0001239,"24 PERSHING DR
CT 06401-2214
(41.33337, -73.083826)",24 PERSHING DR,ANSONIA,CT,06401-2214,38243
CVS PHARMACY #71,(203) 783-9058,PCY.0002116,"989 BOSTON POST RD
CT 06460-3531
(41.231796, -73.047211)",989 BOSTON POST RD,MILFORD,CT,06460-3531,501304
CVS PHARMACY #7093,(203) 778-7471,PCY.0002003,"47 LAKE AVENUE EXT
CT 06811-5259
(41.386727, -73.488796)",47 LAKE AVENUE EXT,DANBURY,CT,06811-5259,412187
CVS PHARMACY #696,(203) 775-9593,PCY.0001210,"14 CANDLEWOOD LAKE RD
CT 06804-2529
(41.434304, -73.411701)",14 CANDLEWOOD LAKE RD,BROOKFIELD,CT,06804-2529,38227
CVS PHARMACY #692,(203) 239-4071,PCY.0001211,"162 WASHINGTON AVE
CT 06473-1711
(41.398105, -72.853119)",162 WASHINGTON AVE,NORTH HAVEN,CT,06473-1711,225201
CVS PHARMACY #691,(860) 667-1888,PCY.0001229,"1181 MAIN ST
CT 06111-3033
(41.695636, -72.722782)",1181 MAIN ST,NEWINGTON,CT,06111-3033,246428
CVS PHARMACY #6807,(203) 237-8997,PCY.0000423,"153 BROAD ST
CT 06450-6550
(41.525661, -72.799439)",153 BROAD ST,MERIDEN,CT,06450-6550,344688
CVS PHARMACY #671,(860) 236-6181,PCY.0001205,"1099 NEW BRITAIN AVE
CT 06110-2418
(41.731911, -72.729914)",1099 NEW BRITAIN AVE,WEST HARTFORD,CT,06110-2418,38225
CVS PHARMACY #6702,(203) 422-2022,PCY.0002226,"644 W PUTNAM AVE
CT 06830-6088
(41.017195, -73.647863)",644 W PUTNAM AVE,GREENWICH,CT,06830-6088,1041537
CVS PHARMACY #629,(203) 794-9438,PCY.0001212,"146 SOUTH ST
CT 06810-7951
(41.386124, -73.444578)",146 SOUTH ST,DANBURY,CT,06810-7951,38228
CVS PHARMACY #623,(203) 227-7343,PCY.0001244,"397 POST RD E
CT 06880-4401
(41.140163, -73.351807)",397 POST RD E,WESTPORT,CT,06880-4401,38247
CVS PHARMACY #5881,(203) 322-1520,PCY.0002304,"969 HIGH RIDGE RD
CT 06905-1608
(41.104813, -73.548435)",969 HIGH RIDGE RD,STAMFORD,CT,06905-1608,1248309
CVS PHARMACY #5848,(860) 537-0711,PCY.0001817,"119 S MAIN ST
CT 06415-1456
(41.572404, -72.331662)",119 S MAIN ST,COLCHESTER,CT,06415-1456,319819
CVS PHARMACY #5703,(860) 585-0122,PCY.0002221,"60 MIDDLE ST
CT 06010-5201
(41.667477, -72.922511)",60 MIDDLE ST,BRISTOL,CT,06010-5201,1030220
CVS PHARMACY #556,(860) 464-0288,PCY.0002247,"1657 ROUTE
CT 06335-1533",1657 ROUTE 12,GALES FERRY,CT,06335-1533,1085484
CVS PHARMACY #5450,(860) 633-4668,PCY.0001806,"766 NEW LONDON TPKE
CT 06033-3076
(41.705187, -72.593851)",766 NEW LONDON TPKE,GLASTONBURY,CT,06033-3076,309571
CVS PHARMACY #5263,(860) 595-1750,PCY.0002253,"150 WASHINGTON ST
CT 06106-4405
(41.758225, -72.682282)",150 WASHINGTON ST,HARTFORD,CT,06106-4405,1122178
CVS PHARMACY #459,(860) 659-1329,PCY.0001165,"2639 MAIN ST
CT 06033-2023
(41.715548, -72.611078)",2639 MAIN ST,GLASTONBURY,CT,06033-2023,38212
CVS PHARMACY #4473,(860) 739-0276,PCY.0002145,"15 CHESTERFIELD RD
CT 06333-1730
(41.367044, -72.209987)",15 CHESTERFIELD RD,EAST LYME,CT,06333-1730,886046
CVS PHARMACY #4436,(860) 533-1156,PCY.0002142,"241 MIDDLE TPKE W
CT 06040-3834
(41.781296, -72.536396)",241 MIDDLE TPKE W,MANCHESTER,CT,06040-3834,532330
CVS PHARMACY #4149,(860) 267-6853,PCY.0002110,"54 E HIGH ST
CT 06424-1052
(41.584945, -72.497181)",54 E HIGH ST,EAST HAMPTON,CT,06424-1052,498173
CVS PHARMACY #388,(203) 245-3165,PCY.0001188,"613 BOSTON POST RD &amp; ROUTE
CT 06443-3080",613 BOSTON POST RD & ROUTE 79,MADISON,CT,06443-3080,38220
CVS PHARMACY #3835,(860) 613-0499,PCY.0002130,"72 BERLIN RD
CT 06416-2602
(41.601781, -72.691696)",72 BERLIN RD,CROMWELL,CT,06416-2602,519278
CVS PHARMACY #3795,(203) 762-5020,PCY.0001787,"93 OLD RIDGEFIELD RD
CT 06897-3023
(41.194008, -73.431925)",93 OLD RIDGEFIELD RD,WILTON,CT,06897-3023,284296
CVS PHARMACY #377,(860) 446-0912,PCY.0001142,"915 POQUONNOCK RD
CT 06340-4257
(41.346665, -72.051095)",915 POQUONNOCK RD,GROTON,CT,06340-4257,38023
CVS PHARMACY #3719,203-363-0627,PCY.0002184,"11 FOREST ST
CT 06901-1877
(41.056934, -73.537152)",11 FOREST ST,STAMFORD,CT,06901-1877,944177
CVS PHARMACY #364,(860) 344-1857,PCY.0001143,"308 MAIN STREET EXT
CT 06457-4406
(41.549005, -72.64056)",308 MAIN STREET EXT,MIDDLETOWN,CT,06457-4406,38024
CVS PHARMACY #3549,(203) 931-1198,PCY.0002280,"355 CAMPBELL AVE
CT 06516-5329
(41.268081, -72.948398)",355 CAMPBELL AVE,WEST HAVEN,CT,06516-5329,1184423
CVS PHARMACY #350,(860) 233-9673,PCY.0000448,"566 FARMINGTON AVE
CT 06105-3050
(41.766167, -72.711395)",566 FARMINGTON AVE,HARTFORD,CT,06105-3050,37323
CVS PHARMACY #349,(860) 947-5078,PCY.0000006,"484 WINDSOR AVE
CT 06095-4401
(41.820112, -72.656585)",484 WINDSOR AVE,WINDSOR,CT,06095-4401,36880
CVS PHARMACY #348,(860) 529-2535,PCY.0000903,"1078 SILAS DEANE HWY
CT 06109-4231
(41.692707, -72.656335)",1078 SILAS DEANE HWY,WETHERSFIELD,CT,06109-4231,37768
CVS PHARMACY #343,(203) 541-3972,PCY.0002181,"66 HIGH RIDGE RD
CT 06905-3807
(41.074539, -73.549001)",66 HIGH RIDGE RD,STAMFORD,CT,06905-3807,928855
CVS PHARMACY #3373,(203) 331-4731,PCY.0001832,"961 BLACK ROCK TPKE
CT 06825-4702
(41.171745, -73.235678)",961 BLACK ROCK TPKE,FAIRFIELD,CT,06825-4702,334996
CVS PHARMACY #333,(860) 521-5844,PCY.0001127,"976 1 2-978 FARMINGTON AVE
CT 06107-2102
(41.7614, -72.743842)",976 1/2-978 FARMINGTON AVE,WEST HARTFORD,CT,06107-2102,38016
CVS PHARMACY #294,(860) 229-3757,PCY.0001128,"177 COLUMBUS BLVD
CT 06051-2226
(41.666692, -72.776088)",177 COLUMBUS BLVD,NEW BRITAIN,CT,06051-2226,318435
CVS PHARMACY #2896,(860) 344-1320,PCY.0002128,"675 WASHINGTON ST
CT 06457-2901
(41.55474, -72.674331)",675 WASHINGTON ST,MIDDLETOWN,CT,06457-2901,517666
CVS PHARMACY #288,(860) 582-8167,PCY.0000331,"839 FARMINGTON AVE
CT 06010-3922
(41.693108, -72.915596)",839 FARMINGTON AVE,BRISTOL,CT,06010-3922,244512
CVS PHARMACY #2839,(860) 848-3202,PCY.0002126,"2005 NORWICH NEW LONDON TPKE
CT 06382-1369
(41.479553, -72.099397)",2005 NORWICH NEW LONDON TPKE,UNCASVILLE,CT,06382-1369,516389
CVS PHARMACY #2682,(860) 738-6250,PCY.0001801,"47 MAIN ST
CT 06098-1703
(41.920556, -73.059371)",47 MAIN ST,WINSTED,CT,06098-1703,306093
CVS PHARMACY #2584,(203) 931-4541,PCY.0001766,"252 ORANGE AVE
CT 06516-2003
(41.294972, -72.958739)",252 ORANGE AVE,WEST HAVEN,CT,06516-2003,248978
CVS PHARMACY #2573,(203) 383-7741,PCY.0001758,"1425 BARNUM AVE
CT 06614-5404
(41.19659, -73.138103)",1425 BARNUM AVE,STRATFORD,CT,06614-5404,243544
CVS PHARMACY #2572,(203) 383-7735,PCY.0001757,"1 HAWLEY LN
CT 06614-1200
(41.231119, -73.153264)",1 HAWLEY LN,STRATFORD,CT,06614-1200,306652
CVS PHARMACY #2545,(203) 730-4870,PCY.0001875,"35 PADANARAM RD
CT 06811-3701
(41.417385, -73.463018)",35 PADANARAM RD,DANBURY,CT,06811-3701,369198
CVS PHARMACY #2525,(860) 563-9393,PCY.0001690,"323 CROMWELL AVE
CT 06067-1801
(41.661597, -72.678765)",323 CROMWELL AVE,ROCKY HILL,CT,06067-1801,239318
CVS PHARMACY #2502,(203) 250-2251,PCY.0001800,"581 HIGHLAND AVE
CT 06410-2205
(41.513492, -72.898691)",581 HIGHLAND AVE,CHESHIRE,CT,06410-2205,300466
CVS PHARMACY #2475,(203) 422-2129,PCY.0000980,"122 E PUTNAM AVE
CT 06807-2720
(41.037369, -73.600707)",122 E PUTNAM AVE,COS COB,CT,06807-2720,513023
CVS PHARMACY #2388,(203) 591-3080,PCY.0001708,"2000 N MAIN ST
CT 06704-2364
(41.577696, -73.027504)",2000 N MAIN ST,WATERBURY,CT,06704-2364,213658
CVS PHARMACY #231,(860) 871-1661,PCY.0001085,"142 TALCOTTVILLE RD
CT 06066-4705
(41.831219, -72.494492)",142 TALCOTTVILLE RD,VERNON,CT,06066-4705,38002
CVS PHARMACY #2259,(203) 401-4661,PCY.0001799,"215 WHALLEY AVE
CT 06511-3205
(41.315688, -72.939715)",215 WHALLEY AVE,NEW HAVEN,CT,06511-3205,293760
CVS PHARMACY #2258,(203) 323-1293,PCY.0002313,"537 CANAL ST
CT 06902-5901
(41.047213, -73.534077)",537 CANAL ST,STAMFORD,CT,06902-5901,1280407
CVS PHARMACY #2253,(860) 693-8077,PCY.0002248,"111 ALBANY TPKE
CT 06019-2507
(41.824274, -72.885443)",111 ALBANY TPKE,CANTON,CT,06019-2507,1116909
CVS PHARMACY #2220,(860) 742-3543,PCY.0001837,"3514 MAIN ST
CT 06238-1551
(41.796848, -72.369144)",3514 MAIN ST,COVENTRY,CT,06238-1551,342537
CVS PHARMACY #2219,(860) 258-4963,PCY.0001734,"2427 MAIN ST
CT 06067-2503
(41.662461, -72.639088)",2427 MAIN ST,ROCKY HILL,CT,06067-2503,223547
CVS PHARMACY #2210,(203) 698-4005,PCY.0001627,"1239 E PUTNAM AVE
CT 06878-1522
(41.041815, -73.577693)",1239 E PUTNAM AVE,RIVERSIDE,CT,06878-1522,181999
CVS PHARMACY #2153,(860) 561-6164,PCY.0001638,"150 S MAIN ST
CT 06107-3432
(41.752023, -72.744044)",150 S MAIN ST,WEST HARTFORD,CT,06107-3432,182752
CVS PHARMACY #2151,(203) 255-0060,PCY.0002212,"330 GRASMERE AVE
CT 06824-6102
(41.156702, -73.241511)",330 GRASMERE AVE,FAIRFIELD,CT,06824-6102,994573
CVS PHARMACY #2143,(203) 371-1280,PCY.0001587,"3710 MAIN ST
CT 06606-3613
(41.211896, -73.210154)",3710 MAIN ST,BRIDGEPORT,CT,06606-3613,174280
CVS PHARMACY #2140,(203) 465-7055,PCY.0001649,"526 MERIDEN RD
CT 06705-2217
(41.552506, -73.001172)",526 MERIDEN RD,WATERBURY,CT,06705-2217,186608
CVS PHARMACY #2119,(860) 828-6584,PCY.0001683,"1055 FARMINGTON AVE
CT 06037-2244
(41.630901, -72.760138)",1055 FARMINGTON AVE,KENSINGTON,CT,06037-2244,149954
CVS PHARMACY #2109,(860) 870-6765,PCY.0001659,"22 WINDSOR AVE
CT 06066-2439
(41.867679, -72.467074)",22 WINDSOR AVE,VERNON ROCKVILLE,CT,06066-2439,191685
CVS PHARMACY #2099,(860) 769-6870,PCY.0001792,"479 BLUE HILLS AVE
CT 06112-1514
(41.798813, -72.695496)",479 BLUE HILLS AVE,HARTFORD,CT,06112-1514,289298
CVS PHARMACY #2097,(203) 795-4704,PCY.0001774,"279 BOSTON POST RD
CT 06477-3558
(41.267026, -73.00118)",279 BOSTON POST RD,ORANGE,CT,06477-3558,265381
CVS PHARMACY #2056,(860) 536-5635,PCY.0001736,"25 BROADWAY AVE
CT 06355-2834
(41.352619, -71.963886)",25 BROADWAY AVE,MYSTIC,CT,06355-2834,225616
CVS PHARMACY #2022,(860) 668-5115,PCY.0000899,"163 MOUNTAIN RD
CT 06078-2005
(41.779798, -72.490156)",163 MOUNTAIN RD,SUFFIELD,CT,06078-2005,37767
CVS PHARMACY #2018,(203) 237-8984,PCY.0001670,"540 W MAIN ST
CT 06451-2710
(41.540629, -72.821707)",540 W MAIN ST,MERIDEN,CT,06451-2710,196911
CVS PHARMACY #1987,(203) 323-7864,PCY.0002379,"1938 W MAIN ST
CT 06902-4521
(41.048838, -73.562292)",1938 W MAIN ST,STAMFORD,CT,06902-4521,1529959
CVS PHARMACY #1968,(203) 468-6594,PCY.0001545,"369 MAIN ST
CT 06512-2835
(41.280163, -72.875789)",369 MAIN ST,EAST HAVEN,CT,06512-2835,861
CVS PHARMACY #1966,(203) 458-1444,PCY.0001510,"1057 BOSTON POST RD
CT 06437-2644
(41.287823, -72.684779)",1057 BOSTON POST RD,GUILFORD,CT,06437-2644,39119
CVS PHARMACY #1960,(203) 755-5490,PCY.0001506,"1279 W MAIN ST
CT 06708-3101
(41.552145, -73.06434)",1279 W MAIN ST,WATERBURY,CT,06708-3101,263895
CVS PHARMACY #1948,(860) 296-1155,PCY.0001516,"690 WETHERSFIELD AVE
CT 06114-1930
(41.737257, -72.671071)",690 WETHERSFIELD AVE,HARTFORD,CT,06114-1930,39123
CVS PHARMACY #1941,(203) 261-1185,PCY.0001532,"511 MONROE TPKE
CT 06468-2386
(41.317523, -73.215476)",511 MONROE TPKE,MONROE,CT,06468-2386,137281
CVS PHARMACY #1912,(203) 366-8070,PCY.0001478,"1968 BLACK ROCK TPKE
CT 06825-3543
(41.18085, -73.24946)",1968 BLACK ROCK TPKE,FAIRFIELD,CT,06825-3543,310359
CVS PHARMACY #1910,(860) 646-4510,PCY.0000993,"260 N MAIN ST
CT 06042-2004
(41.794955, -72.52636)",260 N MAIN ST,MANCHESTER,CT,06042-2004,37797
CVS PHARMACY #1903,(860) 243-1704,PCY.0001499,"796 PARK AVE
CT 06002
(41.829082, -72.733417)",796 PARK AVE,BLOOMFIELD,CT,06002,39111
CVS PHARMACY #1898,(203) 698-1457,PCY.0001492,"225 SOUND BEACH AVE
CT 06870-1607
(41.031164, -73.567601)",225 SOUND BEACH AVE,OLD GREENWICH,CT,06870-1607,39108
CVS PHARMACY #1897,(203) 426-2595,PCY.0001625,"6 QUEEN ST
CT 06470-2146
(41.412899, -73.30295)",6 QUEEN ST,NEWTOWN,CT,06470-2146,182374
CVS PHARMACY #185,(203) 888-9068,PCY.0001103,"215 WEST ST
CT 06483-2640
(41.397394, -73.086459)",215 WEST ST,SEYMOUR,CT,06483-2640,234685
CVS/PHARMACY # 17777,(860) 231-7979,PCY.0002390,"333 N MAIN ST
CT 06117-2512
(41.78371, -72.746751)",333 N MAIN ST STE 10,WEST HARTFORD,CT,06117-2512,1650875
CVS PHARMACY #1775,(203) 325-5172,PCY.0002034,"1058 HOPE ST
CT 06907-2110
(41.094773, -73.51863)",1058 HOPE ST,STAMFORD,CT,06907-2110,427489
CVS/PHARMACY #17491,(860) 406-6755,PCY.0002122,"600 EXECUTIVE BLVD
CT 06489-6008",600 EXECUTIVE BLVD,SOUTHINGTON,CT,06489-6008,513583
CVS PHARMACY #17490,(860) 823-2961,PCY.0002143,"195 RIVER RD
CT 06351-3253
(41.584165, -71.995148)",195 RIVER RD,LISBON,CT,06351-3253,533235
CVS PHARMACY #17489,(860) 412-1284,PCY.0002121,"2177 KILLINGLY
CMNS, CT 06241-2188",2177 KILLINGLY CMNS,DAYVILLE,CT,06241-2188,513342
CVS/PHARMACY #17425,(203) 873-2013,PCY.0000982,"5065 MAIN ST
STE TARGET, CT 06611-4204
(41.2295, -73.219663)",5065 MAIN ST STE TARGET,TRUMBULL,CT,06611-4204,513947
CVS/PHARMACY #17373,(860) 618-4008,PCY.0002099,"1922 E MAIN ST
CT 06790-3101
(41.821044, -73.075874)",1922 E MAIN ST,TORRINGTON,CT,06790-3101,480423
CVS/PHARMACY #17324,(203) 278-5056,PCY.0002092,"20 W MAIN ST
CT 06401-1812
(41.3434, -73.079591)",20 W MAIN ST,ANSONIA,CT,06401-1812,472011
CVS/PHARMACY #17291,(860) 907-3069,PCY.0002070,"1075 KENNEDY RD
CT 06095-1308
(41.892735, -72.649854)",1075 KENNEDY RD,WINDSOR,CT,06095-1308,445206
CVS/PHARMACY #17238,(203) 437-3674,PCY.0002069,"300 CHASE AVE
CT 06704-2246
(41.581419, -73.034503)",300 CHASE AVE,WATERBURY,CT,06704-2246,445112
CVS PHARMACY #172,(203) 488-9485,PCY.0001414,"2 6 SHORT BEACH RD
CT 06405-6233
(41.274835, -72.830135)",2-6 SHORT BEACH RD,BRANFORD,CT,06405-6233,38880
CVS/PHARMACY #17137,(203) 306-5064,PCY.0002035,"1191 BOSTON POST RD
CT 06460-2763
(41.235868, -73.039575)",1191 BOSTON POST RD,MILFORD,CT,06460-2763,428243
CVS/PHARMACY #17072,(203) 455-0103,PCY.0001956,"120 HAWLEY LN
CT 06611-5347
(41.232987, -73.149952)",120 HAWLEY LN,TRUMBULL,CT,06611-5347,394034
CVS/PHARMACY #17071,(203) 859-3695,PCY.0001954,"25 BOSTON POST RD
CT 06477-3203
(41.279319, -72.986055)",25 BOSTON POST RD,ORANGE,CT,06477-3203,394019
CVS/PHARMACY #17034,(203) 859-3491,PCY.0001896,"200 UNIVERSAL DR N
CT 06473-3156
(41.354797, -72.87176)",200 UNIVERSAL DR N,NORTH HAVEN,CT,06473-3156,381719
CVS/PHARMACY #16925,(860) 616-0023,PCY.0001842,"3265 BERLIN TPKE
CT 06111-5101
(41.659738, -72.723399)",3265 BERLIN TPKE,NEWINGTON,CT,06111-5101,348647
CVS/PHARMACY #16858,(203) 634-6060,PCY.0001859,"7 STONY HILL RD
CT 06801-1030
(41.416133, -73.402954)",7 STONY HILL RD,BETHEL,CT,06801-1030,361450
CVS/PHARMACY #16712,(203) 634-6060,PCY.0001795,"474 CHAMBERLAIN HWY
CT 06451-1818
(41.552129, -72.813338)",474 CHAMBERLAIN HWY,MERIDEN,CT,06451-1818,286709
CVS/PHARMACY #16633,(860) 348-9163,PCY.0001755,"475 HARTFORD RD
CT 06053-1524
(41.710689, -72.765624)",475 HARTFORD RD,NEW BRITAIN,CT,06053-1524,242630
CVS PHARMACY #16614,(860) 443-3171,PCY.0001760,"900 HARTFORD TPKE
CT 06385-4246
(41.380206, -72.151509)",900 HARTFORD TPKE,WATERFORD,CT,06385-4246,241812
CVS/PHARMACY #16603,(860) 741-8054,PCY.0001790,"90 ELM ST
CT 06082-3770
(41.997903, -72.583405)",90 ELM ST,ENFIELD,CT,06082-3770,288615
CVS/PHARMACY #16597,(860) 327-0083,PCY.0001754,"125 BUCKLAND HILLS DR
CT 06042-8701
(41.808811, -72.550808)",125 BUCKLAND HILLS DR,MANCHESTER,CT,06042-8701,242023
CVS PHARMACY #145,(860) 677-5047,PCY.0001544,"330 MAIN ST
CT 06032-2961
(41.704333, -72.843216)",330 MAIN ST,FARMINGTON,CT,06032-2961,50900
CVS PHARMACY #135,(860) 567-0856,PCY.0001568,"266 WEST ST
CT 06759-3404
(41.745791, -73.201531)",266 WEST ST,LITCHFIELD,CT,06759-3404,134544
CVS PHARMACY #133,(203) 255-1089,PCY.0001561,"698 POST RD
CT 06824-6247
(41.14795, -73.247154)",698 POST RD,FAIRFIELD,CT,06824-6247,134058
CVS PHARMACY #1284,(860) 664-9337,PCY.0001554,"17 W MAIN ST
CT 06413-2034
(41.278697, -72.528412)",17 W MAIN ST,CLINTON,CT,06413-2034,74163
CVS PHARMACY #1280,(203) 862-9320,PCY.0001432,"99 GREENWICH AVE
CT 06830-5511
(41.029308, -73.626423)",99 GREENWICH AVE,GREENWICH,CT,06830-5511,38890
CVS PHARMACY #1276,(860) 584-8998,PCY.0001473,"81 NORTH ST
CT 06010-4152
(41.68128, -72.946285)",81 NORTH ST,BRISTOL,CT,06010-4152,39100
CVS PHARMACY #1268,(860) 443-1244,PCY.0001489,"106 BOSTON POST RD
CT 06385-2426
(41.341993, -72.123903)",106 BOSTON POST RD,WATERFORD,CT,06385-2426,39107
CVS PHARMACY #1244,(203) 758-3316,PCY.0000688,"26 WATERBURY RD
CT 06712-1215
(41.507264, -72.980826)",26 WATERBURY RD,PROSPECT,CT,06712-1215,37546
CVS PHARMACY #1242,(860) 651-1440,PCY.0001422,"714 HOPMEADOW ST
CT 06070-2234
(41.872036, -72.802877)",714 HOPMEADOW ST,SIMSBURY,CT,06070-2234,246860
CVS PHARMACY #1241,(203) 877-8127,PCY.0001424,"734 BRIDGEPORT AVE
CT 06460-3169
(41.210545, -73.081773)",734 BRIDGEPORT AVE,MILFORD,CT,06460-3169,233450
CVS PHARMACY #124,(203) 723-1172,PCY.0001556,"98 BRIDGE ST
CT 06770-2822
(41.501055, -73.052556)",98 BRIDGE ST,NAUGATUCK,CT,06770-2822,73598
CVS PHARMACY #123,(860) 388-1145,PCY.0001515,"519 BOSTON POST RD
CT 06475-1526
(41.299259, -72.375675)",519 BOSTON POST RD,OLD SAYBROOK,CT,06475-1526,39122
CVS PHARMACY #1219,(203) 921-1313,PCY.0001529,"229 HOPE ST
CT 06906-1601
(41.068688, -73.526831)",229 HOPE ST,STAMFORD,CT,06906-1601,245056
CVS PHARMACY #1213,(203) 966-6758,PCY.0001420,"94 PARK ST
CT 06840-5401
(41.146134, -73.49535)",94 PARK ST,NEW CANAAN,CT,06840-5401,258094
CVS PHARMACY #1202,(860) 653-4221,PCY.0001484,"20 BANK ST
CT 06035-2302
(41.952045, -72.785463)",20 BANK ST,GRANBY,CT,06035-2302,342548
CVS PHARMACY #1183,(860) 244-9424,PCY.0001450,"777 MAIN ST
CT 06103-2308
(41.765961, -72.673301)",777 MAIN ST,HARTFORD,CT,06103-2308,38900
CVS PHARMACY #1180,(860) 678-8605,PCY.0001378,"358 W MAIN ST
CT 06001-3643
(41.815143, -72.860885)",358 W MAIN ST,AVON,CT,06001-3643,38678
CVS PHARMACY #1166,(860) 298-5925,PCY.0001685,"219 BROAD ST
CT 06095-2904
(41.851697, -72.643576)",219 BROAD ST,WINDSOR,CT,06095-2904,129824
CVS PHARMACY #1156,(860) 521-9877,PCY.0001461,"1240 FARMINGTON AVE
CT 06107-2618
(41.754654, -72.766351)",1240 FARMINGTON AVE,WEST HARTFORD,CT,06107-2618,225204
CVS PHARMACY #1155,(860) 829-0800,PCY.0001367,"308 BERLIN TPKE
CT 06037-1506
(41.641344, -72.733507)",308 BERLIN TPKE,BERLIN,CT,06037-1506,38668
CVS PHARMACY #1154,(203) 750-6901,PCY.0001585,"6 WILLARD RD
CT 06851-4414
(41.127394, -73.387624)",6 WILLARD RD,NORWALK,CT,06851-4414,172480
CVS PHARMACY #1153,(203) 330-8278,PCY.0001435,"1875 BOSTON AVE
CT 06610-2623
(41.193272, -73.159776)",1875 BOSTON AVE,BRIDGEPORT,CT,06610-2623,38896
CVS PHARMACY #1152,(860) 691-0380,PCY.0001392,"58 PENNSYLVANIA AVE
CT 06357-3230
(41.325988, -72.193166)",58 PENNSYLVANIA AVE,NIANTIC,CT,06357-3230,38686
CVS PHARMACY #1151,(203) 596-0909,PCY.0001381,"464 REIDVILLE DR
CT 06705-2650
(41.539435, -72.997367)",464 REIDVILLE DR,WATERBURY,CT,06705-2650,225202
CVS PHARMACY #1149,(203) 866-0949,PCY.0001370,"696 WEST AVE
CT 06850-3302
(41.11512, -73.415068)",696 WEST AVE,NORWALK,CT,06850-3302,38671
CVS PHARMACY #1148,(203) 272-3255,PCY.0000654,"905 S MAIN ST
CT 06410-3418
(41.480358, -72.905657)",905 S MAIN ST,CHESHIRE,CT,06410-3418,37538
CVS PHARMACY #1139,(203) 368-0944,PCY.0001576,"2610 E MAIN ST
CT 06610-1422
(41.210914, -73.179049)",2610 E MAIN ST,BRIDGEPORT,CT,06610-1422,165876
CVS PHARMACY #1125,(860) 564-2111,PCY.0001393,"10 LATHROP RD
CT 06374-2030
(41.667186, -71.915196)",10 LATHROP RD,PLAINFIELD,CT,06374-2030,38870
CVS PHARMACY #1123,(203) 262-1831,PCY.0001388,"22 DEPOT HILL RD
CT 06488-2258
(41.475812, -73.217742)",22 DEPOT HILL RD,SOUTHBURY,CT,06488-2258,38685
CVS PHARMACY #1109,(203) 794-9500,PCY.0001380,"7 DURANT AVE
CT 06801-1906
(41.373509, -73.414344)",7 DURANT AVE,BETHEL,CT,06801-1906,38679
CVS PHARMACY #11072,(860) 231-9573,PCY.0000256,"344 N MAIN ST
CT 06117-2526
(41.785155, -72.746913)",344 N MAIN ST,WEST HARTFORD,CT,06117-2526,37111
CVS PHARMACY #1102,(860) 243-8351,PCY.0001024,"341 COTTAGE GROVE RD
CT 06002-3148
(41.817624, -72.713663)",341 COTTAGE GROVE RD,BLOOMFIELD,CT,06002-3148,37984
CVS PHARMACY #1101,(860) 568-1700,PCY.0000989,"16 MAIN ST
CT 06118-3208
(41.727907, -72.616753)",16 MAIN ST,EAST HARTFORD,CT,06118-3208,37794
CVS PHARMACY # 11007,(203) 498-9442,PCY.0002352,"123 CHURCH ST
CT 06510-2001
(41.306238, -72.925632)",123 CHURCH ST,NEW HAVEN,CT,06510-2001,1408430
CVS PHARMACY #1098,(860) 741-0751,PCY.0001020,"47 HAZARD AVE
CT 06082-3813
(41.989703, -72.576562)",47 HAZARD AVE,ENFIELD,CT,06082-3813,37803
CVS PHARMACY #1097,(860) 482-8298,PCY.0001156,"661 MAIN ST
CT 06790-3602
(41.813859, -73.121464)",661 MAIN ST,TORRINGTON,CT,06790-3602,38210
CVS PHARMACY #1089,(860) 290-2091,PCY.0001368,"20 BURNSIDE AVE
CT 06108-3403
(41.774302, -72.638702)",20 BURNSIDE AVE,EAST HARTFORD,CT,06108-3403,38669
CVS PHARMACY #1080,(860) 443-5359,PCY.0001359,"817 BANK ST
CT 06320-3503
(41.348725, -72.10706)",817 BANK ST,NEW LONDON,CT,06320-3503,38662
CVS PHARMACY #1070,(860) 623-2407,PCY.0000703,"90 MAIN ST
CT 06096-1913
(41.931169, -72.627541)",90 MAIN ST,WINDSOR LOCKS,CT,06096-1913,37548
CVS PHARMACY #10605,(860) 684-0015,PCY.0002305,"37 W MAIN ST
CT 06076-1459
(41.955037, -72.31007)",37 W MAIN ST,STAFFORD SPRINGS,CT,06076-1459,1255563
CVS PHARMACY #1060,(860) 621-1996,PCY.0001351,"326 MAIN ST
CT 06489-2508
(41.594212, -72.879411)",326 MAIN ST,SOUTHINGTON,CT,06489-2508,38659
CVS PHARMACY #1051,(203) 967-4600,PCY.0001343,"593 NEWFIELD AVE
CT 06905-3302
(41.080471, -73.5339)",593 NEWFIELD AVE,STAMFORD,CT,06905-3302,38654
CVS PHARMACY #10462,,PCY.0002297,"720 BRANCHVILLE RD
CT 06877-6129
(41.267828, -73.442861)",720 BRANCHVILLE RD,RIDGEFIELD,CT,06877-6129,1227898
CVS PHARMACY #1044,(203) 732-4495,PCY.0001132,"656 NEW HAVEN AVE
CT 06418-2528
(41.311391, -73.052964)",656 NEW HAVEN AVE,DERBY,CT,06418-2528,246060
CVS PHARMACY #1043,(860) 644-4241,PCY.0001372,"525 BUCKLAND RD
CT 06074-3746
(41.825565, -72.553072)",525 BUCKLAND RD,SOUTH WINDSOR,CT,06074-3746,223842
CVS PHARMACY #1038,(860) 236-9348,PCY.0001329,"1044 BOULEVARD
CT 06119-1801
(41.760184, -72.716333)",1044 BOULEVARD,WEST HARTFORD,CT,06119-1801,247224
CVS PHARMACY #10367,,PCY.0000208,"930 WHITE PLAINS RD
CT 06611-4550
(41.245281, -73.197198)",930 WHITE PLAINS RD,TRUMBULL,CT,06611-4550,37100
CVS PHARMACY #10317,(860) 429-1536,PCY.0002301,"8 ROYCE CIR
CT 06268-2258
(41.804579, -72.243234)",8 ROYCE CIR,STORRS MANSFIELD,CT,06268-2258,1239707
CVS PHARMACY #10316,860-643-2075,PCY.0002383,"1221 MAIN ST
CT 06040-6027
(41.765024, -72.520363)",1221 MAIN ST,MANCHESTER,CT,06040-6027,1613433
CVS PHARMACY #1028,(860) 621-7371,PCY.0001495,"724 QUEEN ST
CT 06489-1505
(41.635977, -72.873698)",724 QUEEN ST,SOUTHINGTON,CT,06489-1505,39109
CVS PHARMACY #1027,(860) 887-5970,PCY.0001318,"372 W MAIN ST
CT 06360-5421
(41.520924, -72.092165)",372 W MAIN ST,NORWICH,CT,06360-5421,239701
CVS PHARMACY #10130,(860) 228-3888,PCY.0002236,"110 MAIN ST
CT 06248-1518
(41.660338, -72.357976)",110 MAIN ST,HEBRON,CT,06248-1518,1056533
CVS PHARMACY #10100,(860) 273-3171,PCY.0002225,"151 FARMINGTON AVE
CT 06156-0001
(41.768046, -72.688425)",151 FARMINGTON AVE,HARTFORD,CT,06156-0001,1041043
CVS PHARMACY #0943,(860) 456-5931,PCY.0001713,"1200 MAIN ST
CT 06226-1908
(41.713915, -72.224943)",1200 MAIN ST,WILLIMANTIC,CT,06226-1908,217504
COSTCO PHARMACY #780,(860) 394-2028,PCY.0001865,"75 FRESHWATER BOULEVARD
CT 06082
(41.993593, -72.577086)",75 FRESHWATER BOULEVARD,ENFIELD,CT,06082,362647
COSTCO PHARMACY #324,203-822-2002,PCY.0001751,"779 CONNECTICUT AVE
CT 06854-1615
(41.092411, -73.452873)",779 CONNECTICUT AVE,NORWALK,CT,06854-1615,239331
COSTCO PHARMACY #313,(203) 757-9115,PCY.0001493,"3600 E MAIN ST
CT 06705-3851
(41.542694, -72.96859)",3600 E MAIN ST,WATERBURY,CT,06705-3851,225205
COSTCO PHARMACY #312,203-701-3051,PCY.0001468,"1718 BOSTON POST RD
CT 06460-2718
(41.249174, -73.023199)",1718 BOSTON POST RD,MILFORD,CT,06460-2718,246660
COSTCO PHARMACY #304,(203) 740-7965,PCY.0001423,"200 FEDERAL RD
CT 06804-2514
(41.441829, -73.405366)",200 FEDERAL RD,BROOKFIELD,CT,06804-2514,38885
COSTCO PHARMACY #1196,860-893-7011,PCY.0002320,"405 HARTFORD RD
CT 06053-1507
(41.708957, -72.766287)",405 HARTFORD RD,NEW BRITAIN,CT,06053-1507,1300160
CORNERSTONE PHARMACY,203-324-0251,PCY.0002241,"134 STILLWATER AVE
CT 06902-4839
(41.052001, -73.551872)",134 STILLWATER AVE,STAMFORD,CT,06902-4839,1077257
CORNELL SCOTT - HILL HEALTH CENTER PHARMACY,2035033178,PCY.0001808,"428 Columbus Ave
CT 06519-1233
(41.297688, -72.940189)",428 Columbus Ave,NEW HAVEN,CT,06519-1233,317259
CONNECTICUT PHARMACY MEDICAL SUPPLY,(203) 939-1790,PCY.0000434,"664 MAIN AVE
CT 06851-1162
(41.160278, -73.419006)",664 MAIN AVE UNIT B101,NORWALK,CT,06851-1162,37319
CONNECTICUT PHARMACY EAST ROCK LTC,203-691-5405,PCY.0002218,"10 FAIRFIELD BLVD
CT 06492-5903
(41.487895, -72.789004)",10 FAIRFIELD BLVD UNIT 2C,WALLINGFORD,CT,06492-5903,1025321
CONNECTICUT PHARMACY,(203) 518-1146,PCY.0002254,"664 MAIN AVE
CT 06851-1162
(41.160278, -73.419006)",664 MAIN AVE UNIT B102,NORWALK,CT,06851-1162,1132647
"COMMUNITY HEALTH RX, INC.",(888) 908-1091,PCY.0002370,"469 MIGEON AVE
CT 06790-4643
(41.811799, -73.132462)",469 MIGEON AVE,TORRINGTON,CT,06790-4643,1495185
COMMUNITY HEALTH PHARMACY LLC,(203) 645-1450,PCY.0002341,"210 DIXWELL AVE
CT 06511-3416
(41.318733, -72.933813)",210 DIXWELL AVE,NEW HAVEN,CT,06511-3416,1377032
COMMUNITY CARE PHARMACY INC,(860) 560-2000,PCY.0002272,"408 NEW BRITAIN AVE
CT 06106-3832
(41.740047, -72.696253)",408 NEW BRITAIN AVE,HARTFORD,CT,06106-3832,1170519
"COMMUNITY, A WALGREENS PHARMACY#21185",(860) 595-1813,PCY.0002259,"100 RETREAT AVE
CT 06106-2528
(41.753267, -72.678849)",100 RETREAT AVE STE 105,HARTFORD,CT,06106-2528,1142987
"COMMUNITY, A WALGREENS PHARMACY #21180",(203) 753-1116,PCY.0001723,"60 BANK ST
CT 06702-2203
(41.57736, -73.412479)",60 BANK ST STE 100,WATERBURY,CT,06702-2203,219623
CIRCLE CARE CENTER PHARMACY,(203) 957-3366,PCY.0002249,"618 WEST AVE
CT 06850-4008
(41.113555, -73.415538)",618 WEST AVE,NORWALK,CT,06850-4008,1117887
CHARTER OAK HEALTH CENTER PHARMACY,(860) 550-7550,PCY.0001835,"21 GRAND ST
CT 06106-1541
(41.759422, -72.685508)",21 GRAND ST,HARTFORD,CT,06106-1541,337914
CHAPEL STREET PHARMACY,(203) 522-1893,PCY.0002262,"1245 CHAPEL ST
CT 06511-4611
(41.309443, -72.936081)",1245 CHAPEL ST,NEW HAVEN,CT,06511-4611,1154425
CANFIELD CORNER PHARMACY,203-263-2595,PCY.0000051,,,WOODBURY,CT,06798,36889
CANDLEWOOD DRUGS,203-312-9999,PCY.0002167,"11 ROUTE
CT 06812-4615",11 ROUTE 37,NEW FAIRFIELD,CT,06812-4615,919983
BUNKER HILL PHARMACY,(203) 574-7825,PCY.0000274,"256 BUNKER HILL AVE
CT 06708-2253
(41.569706, -73.064602)",256 BUNKER HILL AVE,WATERBURY,CT,06708-2253,37113
BRIDGEPORT PHARMACY,(203) 367-9000,PCY.0002115,"978 E MAIN ST
CT 06608-1913
(41.187985, -73.18076)",978 E MAIN ST,BRIDGEPORT,CT,06608-1913,501289
BRIDGEPORT CHEMISTS,(203) 367-3666,PCY.0000591,"1407 FAIRFIELD AVE
CT 06605-1928
(41.172842, -73.210472)",1407 FAIRFIELD AVE,BRIDGEPORT,CT,06605-1928,289336
BRASS MILL PHARMACY LLC,(203) 997-2009,PCY.0002329,"1405 E MAIN ST
CT 06705-1081
(41.547599, -73.018974)",1405 E MAIN ST UNIT 3,WATERBURY,CT,06705-1081,1327027
BRASSCITY PHARMACY INC,(203) 759-5000,PCY.0002302,"558 CHASE AVE
CT 06704-1947
(41.584598, -73.040568)",558 CHASE AVE STE 2B,WATERBURY,CT,06704-1947,1243943
BORDONARO'S PHARMACY INC,(860) 342-3390,PCY.0000752,"283 MAIN ST
CT 06480-1856
(41.592043, -72.646168)",283 MAIN ST,PORTLAND,CT,06480-1856,37558
BLACK ROCK PHARMACY LLC,917-532-1285,PCY.0002386,"1838 BLACK ROCK TPKE
UNIT F, CT 06825-3500
(41.180042, -73.246717)",1838 BLACK ROCK TPKE UNIT F,FAIRFIELD,CT,06825-3500,1626404
BISSELL PHARMACY,(203) 438-6600,PCY.0000023,"23 GOVERNOR ST
CT 06877-4687
(41.280656, -73.496291)",23 GOVERNOR ST,RIDGEFIELD,CT,06877-4687,249877
BIG Y WORLD CLASS MARKET #58,(860) 395-0515,PCY.0002295,"22 SPENCER PLAIN RD
CT 06475-4000
(41.287761, -72.417628)",22 SPENCER PLAIN RD,OLD SAYBROOK,CT,06475-4000,1220617
BIG Y PHARMACY #87,(203) 484-9530,PCY.0002102,"1289 FOXON RD
CT 06471-1289
(41.326872, -72.779944)",1289 FOXON RD,NORTH BRANFORD,CT,06471-1289,488181
BIG Y PHARMACY #82,203-791-9820,PCY.0002078,"81 STONY HILL RD
CT 06801-3038
(41.414051, -73.37831)",81 STONY HILL RD,BETHEL,CT,06801-3038,457835
BIG Y PHARMACY #81,(860) 872-0369,PCY.0001983,"33 FIELDSTONE
COMMONS, CT 06084
(41.859396, -72.358981)",33 FIELDSTONE COMMONS,TOLLAND,CT,06084,404381
BIG Y PHARMACY #73,(860) 896-0264,PCY.0002041,"135 WEST ROAD
CT 06029
(41.888295, -72.463741)",135 WEST ROAD,ELLINGTON,CT,06029,431881
BIG Y PHARMACY #61,(860) 445-7719,PCY.0001203,"995 POQUONNOCK ROAD
CT 06340
(41.346324, -72.048843)",995 POQUONNOCK ROAD,GROTON,CT,06340,38224
BIG Y PHARMACY #60,860-623-1407,PCY.0001788,"67 PROSPECT HILL RD
CT 06088-3605
(41.921132, -72.607761)",67 PROSPECT HILL RD,EAST WINDSOR,CT,06088-3605,285801
BIG Y  PHARMACY #56,(860) 354-5554,PCY.0002160,"1 KENT RD
CT 06776-3405
(41.575324, -73.41912)",1 KENT RD,NEW MILFORD,CT,06776-3405,911596
BIG Y PHARMACY #5,(860) 536-5835,PCY.0001647,"79 STONINGTON RD
CT 06355-2931
(41.344565, -71.951223)",79 STONINGTON RD,MYSTIC,CT,06355-2931,187702
BIG Y PHARMACY #45,(860) 645-7140,PCY.0001839,"234 TOLLAND TPKE
CT 06042-1744
(41.810929, -72.5153)",234 TOLLAND TPKE,MANCHESTER,CT,06042-1744,342845
BIG Y PHARMACY #34,,PCY.0001863,"141 B Storrs Road
CT 06250
(41.738153, -72.198173)",141 B Storrs Road,Mansfield Center,CT,06250,363902
BIG Y PHARMACY #32,(203) 729-4124,PCY.0002193,"85 BRIDGE ST
CT 06770-2812
(41.501542, -73.051563)",85 BRIDGE ST,NAUGATUCK,CT,06770-2812,953885
BIG Y PHARMACY #31,(860) 774-7437,PCY.0001288,"70 WAUREGAN ROAD
CT 06239
(41.793298, -71.884948)",70 WAUREGAN ROAD,DANIELSON,CT,06239,38447
BIG Y PHARMACY #30,(860) 886-1301,PCY.0001975,"224 SALEM TURNPIKE
CT 06360
(41.507436, -72.123584)",224 SALEM TURNPIKE,NORWICH,CT,06360,400245
BIG Y PHARMACY #17,(860) 684-4597,PCY.0002093,"87 W STAFFORD RD
CT 06076-1044
(41.96893, -72.331198)",87 W STAFFORD RD,STAFFORD SPRINGS,CT,06076-1044,472358
BIG Y PHARMACY #109,860-467-9138,PCY.0002377,"7 E HAMPTON RD
CT 06447-1402
(41.630706, -72.460243)",7 E HAMPTON RD # RT 66,MARLBOROUGH,CT,06447-1402,1524433
BIG Y # 84,203-386-1489,PCY.0002103,"355 HAWLEY LN
CT 06614-1514
(41.233693, -73.149639)",355 HAWLEY LN,STRATFORD,CT,06614-1514,488798
BIG Y #59,(860) 489-0246,PCY.0002109,"504 WINSTED RD
CT 06790-2963
(41.826518, -73.112159)",504 WINSTED RD,TORRINGTON,CT,06790-2963,496778
BERNEYS PHARMACY,(203) 562-4447,PCY.0002133,"615 HOWARD AVE
CT 06519-2112
(41.29768, -72.934225)",615 HOWARD AVE,NEW HAVEN,CT,06519-2112,520854
BEACON PRESCRIPTIONS (TERRYVILLE),(860) 585-5158,PCY.0001399,"241 MAIN ST
CT 06786-5910
(41.679212, -73.013308)",241 MAIN ST,TERRYVILLE,CT,06786-5910,38874
BEACON PRESCRIPTIONS #3,(860) 589-5587,PCY.0001016,"25 COLLINS RD
CT 06010-3893
(41.694697, -72.913212)",25 COLLINS RD,BRISTOL,CT,06010-3893,37800
BEACON PRESCRIPTIONS,(860) 583-1006,PCY.0001086,"57 SOUTH ST
CT 06010-6524
(41.667787, -72.945843)",57 SOUTH ST,BRISTOL,CT,06010-6524,38003
BEACON PRESCRIPTIONS,(203) 467-2600,PCY.0000010,"875 FOXON RD
CT 06513-1837
(41.321501, -72.861466)",875 FOXON RD,EAST HAVEN,CT,06513-1837,36881
BEACON PRESCRIPTIONS,(860) 225-6487,PCY.0000332,"543 W MAIN ST
CT 06053-3915
(41.665728, -72.800391)",543 W MAIN ST,NEW BRITAIN,CT,06053-3915,37123
BEACON PRESCRIPTIONS,(860) 628-3972,PCY.0001334,"609 N MAIN ST
CT 06489-2051
(41.616168, -72.873318)",609 N MAIN ST,SOUTHINGTON,CT,06489-2051,38649
BEACON PRESCRIPTIONS,(860) 738-2506,PCY.0001719,"294 MAIN ST
CT 06098-1688
(41.610048, -72.718232)",294 MAIN ST,WINSTED,CT,06098-1688,219174
BEACON PHARMACY LLC,(860) 875-9263,PCY.0000358,"40 W MAIN ST
CT 06066-3501
(41.671198, -72.867945)",40 W MAIN ST,VERNON ROCKVILLE,CT,06066-3501,37130
BEACON MEDICATION SERVICES,(860) 582-4847,PCY.0002195,"25 MELLEN ST
CT 06010-6313
(41.671387, -72.9366)",25 MELLEN ST,BRISTOL,CT,06010-6313,975285
ARROW PRESCRIPTION CENTER #12,(860) 522-9289,PCY.0000347,"500 FARMINGTON AVE
CT 06105-3106
(41.766539, -72.708405)",500 FARMINGTON AVE,HARTFORD,CT,06105-3106,37126
ARROW PRESCRIPTION CENTER #11,8605245304,PCY.0001698,"500 ALBANY AVENUE
CT 06120-2599
(41.777722, -72.685016)",500 ALBANY AVENUE,HARTFORD,CT,06120-2599,360481
APOTHECARY & WELLNESS CENTER,(203) 789-4076,PCY.0002086,"1450 CHAPEL ST
CT 06511-4405
(41.311054, -72.943228)",1450 CHAPEL ST,NEW HAVEN,CT,06511-4405,462999
ANNEX PHARMACY,(203) 287-3127,PCY.0001981,"2380A DIXWELL AVE
CT 06514-1810
(41.376122, -72.915735)",2380A DIXWELL AVE,HAMDEN,CT,06514-1810,402514
ANCHOR HEALTH INITIATIVE CORP,203-903-8308,PCY.0002384,"30 MYANO LANE
CT 06902
(41.049834, -73.564277)","30 MYANO LANE, UNIT 16",STAMFORD,CT,06902,1614439
